Pf3D7_01_v3	21	27415	intergenic
Pf3D7_01_v3	27591	29074	PF3D7_0100100
Pf3D7_01_v3	29300	34015	PF3D7_0100100
Pf3D7_01_v3	34439	34972	intergenic
Pf3D7_01_v3	35708	36790	intergenic
Pf3D7_01_v3	48680	48891	intergenic
Pf3D7_01_v3	49938	50220	PF3D7_0100400
Pf3D7_01_v3	50609	51715	PF3D7_0100400
Pf3D7_01_v3	53114	53344	PF3D7_0100500
Pf3D7_01_v3	53875	55018	PF3D7_0100600
Pf3D7_01_v3	56664	57464	PF3D7_0100700
Pf3D7_01_v3	58329	61336	PF3D7_0100800
Pf3D7_01_v3	61508	64486	PF3D7_0100900
Pf3D7_01_v3	64664	67225	PF3D7_0101000
Pf3D7_01_v3	71566	71801	PF3D7_0101200
Pf3D7_01_v3	74476	75541	PF3D7_0101300
Pf3D7_01_v3	76120	76523	intergenic
Pf3D7_01_v3	78423	78710	PF3D7_0101500
Pf3D7_01_v3	82527	82807	intergenic
Pf3D7_01_v3	83415	83698	intergenic
Pf3D7_01_v3	84431	84943	intergenic
Pf3D7_01_v3	85803	86094	intergenic
Pf3D7_01_v3	87099	87982	intergenic
Pf3D7_01_v3	88129	89324	PF3D7_0101800
Pf3D7_01_v3	90094	92223	PF3D7_0101900
Pf3D7_01_v3	92426	94210	PF3D7_0102000
Pf3D7_01_v3	92426	94210	PF3D7_0102100
Pf3D7_01_v3	94603	95911	PF3D7_0102100
Pf3D7_01_v3	524253	534546	PF3D7_0113800
Pf3D7_01_v3	534661	535745	intergenic
Pf3D7_01_v3	544047	546706	intergenic
Pf3D7_01_v3	547362	548192	intergenic
Pf3D7_01_v3	549467	549749	intergenic
Pf3D7_01_v3	549911	552077	PF3D7_0114200
Pf3D7_01_v3	549911	552077	PF3D7_0114300
Pf3D7_01_v3	552759	557002	PF3D7_0114300
Pf3D7_01_v3	552759	557002	PF3D7_0114400
Pf3D7_01_v3	557133	557372	intergenic
Pf3D7_01_v3	557548	557807	intergenic
Pf3D7_01_v3	557909	558486	intergenic
Pf3D7_01_v3	559086	559722	intergenic
Pf3D7_01_v3	559890	561688	PF3D7_0114600
Pf3D7_01_v3	561845	562505	intergenic
Pf3D7_01_v3	562659	563200	intergenic
Pf3D7_01_v3	563379	568035	PF3D7_0114700
Pf3D7_01_v3	568590	569275	intergenic
Pf3D7_01_v3	569444	570328	PF3D7_0114800
Pf3D7_01_v3	570440	571049	intergenic
Pf3D7_01_v3	571268	571612	intergenic
Pf3D7_01_v3	572051	573008	PF3D7_0114900
Pf3D7_01_v3	573206	574008	intergenic
Pf3D7_01_v3	574222	576987	PF3D7_0115000
Pf3D7_01_v3	577107	577338	PF3D7_0115000
Pf3D7_01_v3	577609	578062	PF3D7_0115000
Pf3D7_01_v3	578327	580751	intergenic
Pf3D7_01_v3	580942	581390	intergenic
Pf3D7_01_v3	581826	582269	intergenic
Pf3D7_01_v3	582545	582888	intergenic
Pf3D7_01_v3	588099	588393	intergenic
Pf3D7_01_v3	588516	588766	intergenic
Pf3D7_01_v3	589731	590016	PF3D7_0115150
Pf3D7_01_v3	591028	591233	PF3D7_0115200
Pf3D7_01_v3	591621	591837	PF3D7_0115200
Pf3D7_01_v3	592122	596516	PF3D7_0115200
Pf3D7_01_v3	592122	596516	PF3D7_0115300
Pf3D7_01_v3	596790	597150	intergenic
Pf3D7_01_v3	597273	598038	PF3D7_0115400
Pf3D7_01_v3	598350	599613	PF3D7_0115400
Pf3D7_01_v3	599763	601196	PF3D7_0115500
Pf3D7_01_v3	601370	602087	intergenic
Pf3D7_01_v3	602754	603030	intergenic
Pf3D7_01_v3	603469	605703	PF3D7_0115600
Pf3D7_01_v3	607303	607520	intergenic
Pf3D7_01_v3	607754	608730	intergenic
Pf3D7_01_v3	609630	615141	PF3D7_0115700
Pf3D7_01_v3	615393	616856	intergenic
Pf3D7_01_v3	617145	621455	intergenic
Pf3D7_01_v3	622994	623263	intergenic
Pf3D7_01_v3	623366	625520	intergenic
Pf3D7_01_v3	627026	640519	intergenic
Pf3D7_02_v3	797	23114	intergenic
Pf3D7_02_v3	23234	24859	PF3D7_0200100
Pf3D7_02_v3	25008	27850	PF3D7_0200100
Pf3D7_02_v3	28054	28261	intergenic
Pf3D7_02_v3	28893	29173	intergenic
Pf3D7_02_v3	30025	30285	intergenic
Pf3D7_02_v3	30881	31194	intergenic
Pf3D7_02_v3	32961	34944	PF3D7_0200200
Pf3D7_02_v3	35900	39459	PF3D7_0200300
Pf3D7_02_v3	35900	39459	PF3D7_0200400
Pf3D7_02_v3	39595	41217	intergenic
Pf3D7_02_v3	41360	47701	PF3D7_0200500
Pf3D7_02_v3	41360	47701	PF3D7_0200600
Pf3D7_02_v3	47812	48049	intergenic
Pf3D7_02_v3	48170	48406	intergenic
Pf3D7_02_v3	48604	49959	intergenic
Pf3D7_02_v3	50442	50663	intergenic
Pf3D7_02_v3	51622	52088	intergenic
Pf3D7_02_v3	52240	52487	intergenic
Pf3D7_02_v3	52738	53066	PF3D7_0200800
Pf3D7_02_v3	54196	56362	PF3D7_0200900
Pf3D7_02_v3	56536	56856	intergenic
Pf3D7_02_v3	57064	59276	PF3D7_0201000
Pf3D7_02_v3	59586	65216	PF3D7_0201100
Pf3D7_02_v3	59586	65216	PF3D7_0201200
Pf3D7_02_v3	65371	67974	PF3D7_0201300
Pf3D7_02_v3	68198	68711	PF3D7_0201400
Pf3D7_02_v3	69335	71971	PF3D7_0201400
Pf3D7_02_v3	630738	630999	intergenic
Pf3D7_02_v3	842300	842525	intergenic
Pf3D7_02_v3	842665	844147	intergenic
Pf3D7_02_v3	844309	844996	intergenic
Pf3D7_02_v3	845410	846126	intergenic
Pf3D7_02_v3	846276	847138	PF3D7_0220900
Pf3D7_02_v3	846276	847138	PF3D7_0221000
Pf3D7_02_v3	847369	847612	PF3D7_0221000
Pf3D7_02_v3	847985	849200	PF3D7_0221000
Pf3D7_02_v3	849559	850646	PF3D7_0221100
Pf3D7_02_v3	850975	851905	PF3D7_0221100
Pf3D7_02_v3	857372	858772	PF3D7_0221300
Pf3D7_02_v3	858932	859832	PF3D7_0221400
Pf3D7_02_v3	859940	861595	PF3D7_0221400
Pf3D7_02_v3	861771	863895	PF3D7_0221500
Pf3D7_02_v3	864200	864819	intergenic
Pf3D7_02_v3	864927	867826	PF3D7_0221600
Pf3D7_02_v3	864927	867826	PF3D7_0221650
Pf3D7_02_v3	868033	871226	PF3D7_0221700
Pf3D7_02_v3	871371	874450	PF3D7_0221800
Pf3D7_02_v3	875441	875694	intergenic
Pf3D7_02_v3	875808	876019	PF3D7_0222000
Pf3D7_02_v3	877700	877973	intergenic
Pf3D7_02_v3	878413	879049	intergenic
Pf3D7_02_v3	880410	880927	intergenic
Pf3D7_02_v3	883951	884456	intergenic
Pf3D7_02_v3	885092	885342	intergenic
Pf3D7_02_v3	886550	887478	PF3D7_0222400
Pf3D7_02_v3	889125	889405	PF3D7_0222500
Pf3D7_02_v3	889557	890940	PF3D7_0222500
Pf3D7_02_v3	892065	894453	PF3D7_0222600
Pf3D7_02_v3	895646	897562	PF3D7_0222700
Pf3D7_02_v3	898322	900568	PF3D7_0222800
Pf3D7_02_v3	898322	900568	PF3D7_0222900
Pf3D7_02_v3	901551	902683	PF3D7_0222900
Pf3D7_02_v3	903475	903717	PF3D7_0223100
Pf3D7_02_v3	904486	905891	PF3D7_0223100
Pf3D7_02_v3	906146	906403	intergenic
Pf3D7_02_v3	906969	909000	PF3D7_0223200
Pf3D7_02_v3	906969	909000	PF3D7_0223300
Pf3D7_02_v3	909225	909546	PF3D7_0223300
Pf3D7_02_v3	909726	910403	PF3D7_0223300
Pf3D7_02_v3	913450	914545	PF3D7_0223400
Pf3D7_02_v3	916305	917173	intergenic
Pf3D7_02_v3	917362	917615	intergenic
Pf3D7_02_v3	918674	923909	PF3D7_0223500
Pf3D7_02_v3	924149	925540	intergenic
Pf3D7_02_v3	925722	946775	intergenic
Pf3D7_03_v3	3556	6932	intergenic
Pf3D7_03_v3	7043	34854	intergenic
Pf3D7_03_v3	35052	36527	PF3D7_0300100
Pf3D7_03_v3	36738	41570	PF3D7_0300100
Pf3D7_03_v3	41720	41993	intergenic
Pf3D7_03_v3	42147	42446	intergenic
Pf3D7_03_v3	43215	44502	intergenic
Pf3D7_03_v3	46357	47341	intergenic
Pf3D7_03_v3	49774	50389	intergenic
Pf3D7_03_v3	51697	51924	intergenic
Pf3D7_03_v3	52219	53202	intergenic
Pf3D7_03_v3	54172	54409	intergenic
Pf3D7_03_v3	55288	57013	PF3D7_0300500
Pf3D7_03_v3	58882	59122	intergenic
Pf3D7_03_v3	59592	59999	intergenic
Pf3D7_03_v3	60747	61839	PF3D7_0300700
Pf3D7_03_v3	64568	64788	PF3D7_0300800
Pf3D7_03_v3	69784	72262	PF3D7_0301000
Pf3D7_03_v3	73031	74226	intergenic
Pf3D7_03_v3	74367	75406	intergenic
Pf3D7_03_v3	75609	77569	PF3D7_0301100
Pf3D7_03_v3	78112	79110	intergenic
Pf3D7_03_v3	79238	79516	intergenic
Pf3D7_03_v3	116843	118467	PF3D7_0302200
Pf3D7_03_v3	118787	121515	PF3D7_0302200
Pf3D7_03_v3	121691	122961	intergenic
Pf3D7_03_v3	123685	124117	intergenic
Pf3D7_03_v3	124309	132224	PF3D7_0302300
Pf3D7_03_v3	132424	132631	intergenic
Pf3D7_03_v3	135564	135770	PF3D7_0302500
Pf3D7_03_v3	137063	137379	intergenic
Pf3D7_03_v3	137715	137929	intergenic
Pf3D7_03_v3	139851	140065	intergenic
Pf3D7_03_v3	140485	140704	PF3D7_0302600
Pf3D7_03_v3	848239	857515	PF3D7_0320400
Pf3D7_03_v3	1002699	1003321	intergenic
Pf3D7_03_v3	1003438	1003642	intergenic
Pf3D7_03_v3	1003877	1004769	PF3D7_0323900
Pf3D7_03_v3	1007137	1008116	intergenic
Pf3D7_03_v3	1009630	1009871	intergenic
Pf3D7_03_v3	1013416	1013632	intergenic
Pf3D7_03_v3	1014811	1015026	PF3D7_0324400
Pf3D7_03_v3	1015855	1018651	PF3D7_0324500
Pf3D7_03_v3	1015855	1018651	PF3D7_0324400
Pf3D7_03_v3	1018969	1020202	PF3D7_0324500
Pf3D7_03_v3	1020417	1020767	intergenic
Pf3D7_03_v3	1020918	1021937	PF3D7_0324600
Pf3D7_03_v3	1022464	1023301	PF3D7_0324600
Pf3D7_03_v3	1022464	1023301	PF3D7_0324700
Pf3D7_03_v3	1024418	1024709	PF3D7_0324700
Pf3D7_03_v3	1024817	1025212	intergenic
Pf3D7_03_v3	1026857	1028572	PF3D7_0324800
Pf3D7_03_v3	1028674	1028983	intergenic
Pf3D7_03_v3	1030822	1031833	intergenic
Pf3D7_03_v3	1032911	1033195	intergenic
Pf3D7_03_v3	1033735	1038495	PF3D7_0324900
Pf3D7_03_v3	1038730	1040270	intergenic
Pf3D7_03_v3	1040461	1063348	intergenic
Pf3D7_04_v3	98	355	intergenic
Pf3D7_04_v3	2743	3037	intergenic
Pf3D7_04_v3	4951	17993	intergenic
Pf3D7_04_v3	18837	21201	intergenic
Pf3D7_04_v3	21349	26589	intergenic
Pf3D7_04_v3	26804	28277	PF3D7_0400100
Pf3D7_04_v3	28485	35008	PF3D7_0400100
Pf3D7_04_v3	35148	35377	intergenic
Pf3D7_04_v3	36510	36847	intergenic
Pf3D7_04_v3	37020	37726	intergenic
Pf3D7_04_v3	38941	39435	PF3D7_0400200
Pf3D7_04_v3	39562	40104	intergenic
Pf3D7_04_v3	42536	43193	intergenic
Pf3D7_04_v3	44343	44835	intergenic
Pf3D7_04_v3	45505	47006	intergenic
Pf3D7_04_v3	47416	57234	PF3D7_0400400
Pf3D7_04_v3	57442	57890	intergenic
Pf3D7_04_v3	59733	61049	PF3D7_0400500
Pf3D7_04_v3	59733	61049	PF3D7_0400600
Pf3D7_04_v3	61345	61625	PF3D7_0400600
Pf3D7_04_v3	62021	62503	intergenic
Pf3D7_04_v3	62964	64276	intergenic
Pf3D7_04_v3	65086	67852	PF3D7_0400800
Pf3D7_04_v3	68057	68402	intergenic
Pf3D7_04_v3	68948	72247	PF3D7_0400900
Pf3D7_04_v3	72397	72727	intergenic
Pf3D7_04_v3	73132	75129	PF3D7_0401000
Pf3D7_04_v3	76553	76798	intergenic
Pf3D7_04_v3	77310	77710	intergenic
Pf3D7_04_v3	78580	78902	PF3D7_0401200
Pf3D7_04_v3	79306	83709	PF3D7_0401200
Pf3D7_04_v3	79306	83709	PF3D7_0401300
Pf3D7_04_v3	83853	86926	PF3D7_0401400
Pf3D7_04_v3	87202	87841	intergenic
Pf3D7_04_v3	88031	88843	PF3D7_0401500
Pf3D7_04_v3	88981	90172	PF3D7_0401500
Pf3D7_04_v3	101344	101603	intergenic
Pf3D7_04_v3	109249	111331	PF3D7_0401900
Pf3D7_04_v3	112119	112554	intergenic
Pf3D7_04_v3	113020	113221	intergenic
Pf3D7_04_v3	113531	113732	intergenic
Pf3D7_04_v3	120399	120938	intergenic
Pf3D7_04_v3	121229	121597	intergenic
Pf3D7_04_v3	121936	122187	intergenic
Pf3D7_04_v3	122369	122866	intergenic
Pf3D7_04_v3	123002	123338	intergenic
Pf3D7_04_v3	123580	124375	intergenic
Pf3D7_04_v3	130132	130383	intergenic
Pf3D7_04_v3	150734	151044	intergenic
Pf3D7_04_v3	151160	153562	intergenic
Pf3D7_04_v3	153698	155539	PF3D7_0402500
Pf3D7_04_v3	155680	157260	PF3D7_0402500
Pf3D7_04_v3	157399	158673	intergenic
Pf3D7_04_v3	159198	160639	PF3D7_0402600
Pf3D7_04_v3	160767	161141	intergenic
Pf3D7_04_v3	161935	162219	intergenic
Pf3D7_04_v3	162386	164189	PF3D7_0402700
Pf3D7_04_v3	164583	165026	intergenic
Pf3D7_04_v3	165286	166270	intergenic
Pf3D7_04_v3	166396	166788	PF3D7_0402800
Pf3D7_04_v3	166925	170379	PF3D7_0402800
Pf3D7_04_v3	170485	171547	intergenic
Pf3D7_04_v3	545986	546195	intergenic
Pf3D7_04_v3	546429	546656	intergenic
Pf3D7_04_v3	550307	550546	intergenic
Pf3D7_04_v3	550728	550998	intergenic
Pf3D7_04_v3	551506	551962	intergenic
Pf3D7_04_v3	552271	552798	intergenic
Pf3D7_04_v3	553045	554216	PF3D7_0412400
Pf3D7_04_v3	555525	555766	intergenic
Pf3D7_04_v3	556066	556897	PF3D7_0412500
Pf3D7_04_v3	557406	557627	PF3D7_0412500
Pf3D7_04_v3	584063	584418	intergenic
Pf3D7_04_v3	597727	600093	PF3D7_0413100
Pf3D7_04_v3	600316	605562	PF3D7_0413200
Pf3D7_04_v3	605776	606894	intergenic
Pf3D7_04_v3	607145	607998	intergenic
Pf3D7_04_v3	608118	610551	PF3D7_0413300
Pf3D7_04_v3	611001	613509	PF3D7_0413400
Pf3D7_04_v3	613616	613829	intergenic
Pf3D7_04_v3	934925	939152	intergenic
Pf3D7_04_v3	962711	965812	PF3D7_0421100
Pf3D7_04_v3	966023	966974	PF3D7_0421200
Pf3D7_04_v3	967193	968413	PF3D7_0421200
Pf3D7_04_v3	968700	970664	intergenic
Pf3D7_04_v3	971060	977187	PF3D7_0421300
Pf3D7_04_v3	977500	977728	intergenic
Pf3D7_04_v3	977892	978194	intergenic
Pf3D7_04_v3	978609	979614	PF3D7_0421400
Pf3D7_04_v3	979767	980531	PF3D7_0421400
Pf3D7_04_v3	981005	981473	intergenic
Pf3D7_04_v3	981712	983928	PF3D7_0421500
Pf3D7_04_v3	984161	987627	PF3D7_0421600
Pf3D7_04_v3	988086	992833	intergenic
Pf3D7_04_v3	1121111	1122883	intergenic
Pf3D7_04_v3	1123987	1125121	PF3D7_0424800
Pf3D7_04_v3	1125799	1126118	intergenic
Pf3D7_04_v3	1126225	1126634	intergenic
Pf3D7_04_v3	1127705	1132170	PF3D7_0424900
Pf3D7_04_v3	1127705	1132170	PF3D7_0425000
Pf3D7_04_v3	1132901	1134127	intergenic
Pf3D7_04_v3	1134327	1134957	intergenic
Pf3D7_04_v3	1136475	1137438	PF3D7_0425200
Pf3D7_04_v3	1137922	1139094	PF3D7_0425250
Pf3D7_04_v3	1139757	1140803	PF3D7_0425300
Pf3D7_04_v3	1141087	1142965	PF3D7_0425300
Pf3D7_04_v3	1143344	1143737	PF3D7_0425400
Pf3D7_04_v3	1143911	1145097	PF3D7_0425400
Pf3D7_04_v3	1145564	1146164	intergenic
Pf3D7_04_v3	1146564	1147614	intergenic
Pf3D7_04_v3	1148819	1149110	PF3D7_0425600
Pf3D7_04_v3	1149236	1149642	PF3D7_0425600
Pf3D7_04_v3	1150075	1150297	intergenic
Pf3D7_04_v3	1150699	1150942	intergenic
Pf3D7_04_v3	1152355	1153681	PF3D7_0425700
Pf3D7_04_v3	1154666	1154869	intergenic
Pf3D7_04_v3	1155425	1155711	PF3D7_0425800
Pf3D7_04_v3	1156038	1165156	PF3D7_0425800
Pf3D7_04_v3	1165499	1165970	intergenic
Pf3D7_04_v3	1166373	1166793	intergenic
Pf3D7_04_v3	1166964	1167867	intergenic
Pf3D7_04_v3	1169412	1170064	PF3D7_0425900
Pf3D7_04_v3	1170238	1170569	PF3D7_0425900
Pf3D7_04_v3	1173072	1173394	intergenic
Pf3D7_04_v3	1176447	1180484	PF3D7_0426000
Pf3D7_04_v3	1180679	1182054	intergenic
Pf3D7_04_v3	1182257	1200174	intergenic
Pf3D7_05_v3	23538	26232	intergenic
Pf3D7_05_v3	27339	28163	intergenic
Pf3D7_05_v3	29681	30027	intergenic
Pf3D7_05_v3	30393	31917	PF3D7_0500300
Pf3D7_05_v3	32222	32790	intergenic
Pf3D7_05_v3	32913	35518	PF3D7_0500400
Pf3D7_05_v3	35670	35953	intergenic
Pf3D7_05_v3	36172	41582	PF3D7_0500500
Pf3D7_05_v3	36172	41582	PF3D7_0500600
Pf3D7_05_v3	36172	41582	PF3D7_0500700
Pf3D7_05_v3	1322342	1327650	PF3D7_0532700
Pf3D7_05_v3	1322342	1327650	PF3D7_0532800
Pf3D7_05_v3	1322342	1327650	PF3D7_0532900
Pf3D7_05_v3	1327882	1328327	intergenic
Pf3D7_05_v3	1328438	1328798	PF3D7_0533000
Pf3D7_05_v3	1328917	1330975	PF3D7_0533000
Pf3D7_05_v3	1331372	1331631	intergenic
Pf3D7_05_v3	1331989	1332410	intergenic
Pf3D7_05_v3	1332514	1342783	PF3D7_0533100
Pf3D7_05_v3	1342927	1343272	intergenic
Pf3D7_06_v3	651	1840	PF3D7_0600100
Pf3D7_06_v3	2201	2504	PF3D7_0600200
Pf3D7_06_v3	2765	3012	PF3D7_0600200
Pf3D7_06_v3	3264	10482	PF3D7_0600200
Pf3D7_06_v3	10591	11000	intergenic
Pf3D7_06_v3	11670	12807	intergenic
Pf3D7_06_v3	14954	16215	intergenic
Pf3D7_06_v3	17778	18234	intergenic
Pf3D7_06_v3	18747	20085	intergenic
Pf3D7_06_v3	20267	20534	intergenic
Pf3D7_06_v3	21046	23044	PF3D7_0600400
Pf3D7_06_v3	23171	23699	intergenic
Pf3D7_06_v3	24032	24990	intergenic
Pf3D7_06_v3	26461	26741	PF3D7_0600500
Pf3D7_06_v3	26847	27978	PF3D7_0600500
Pf3D7_06_v3	29470	31178	intergenic
Pf3D7_06_v3	31301	33012	PF3D7_0600600
Pf3D7_06_v3	35264	37725	PF3D7_0600800
Pf3D7_06_v3	37927	38234	intergenic
Pf3D7_06_v3	38558	40322	PF3D7_0600900
Pf3D7_06_v3	40882	41096	intergenic
Pf3D7_06_v3	47565	48329	PF3D7_0601200
Pf3D7_06_v3	48740	48957	intergenic
Pf3D7_06_v3	49999	50326	intergenic
Pf3D7_06_v3	51415	52088	PF3D7_0601400
Pf3D7_06_v3	52565	52982	intergenic
Pf3D7_06_v3	53701	54537	intergenic
Pf3D7_06_v3	54774	55773	intergenic
Pf3D7_06_v3	56715	56958	intergenic
Pf3D7_06_v3	723268	723497	intergenic
Pf3D7_06_v3	723643	723931	intergenic
Pf3D7_06_v3	725678	736211	PF3D7_0617400
Pf3D7_06_v3	725678	736211	PF3D7_0617500
Pf3D7_06_v3	738257	739309	PF3D7_0617600
Pf3D7_06_v3	739580	740863	intergenic
Pf3D7_06_v3	741114	743440	PF3D7_0617700
Pf3D7_06_v3	743589	744109	intergenic
Pf3D7_06_v3	744256	744829	intergenic
Pf3D7_06_v3	745023	745312	intergenic
Pf3D7_06_v3	1305764	1305989	intergenic
Pf3D7_06_v3	1306558	1306783	intergenic
Pf3D7_06_v3	1307677	1308021	intergenic
Pf3D7_06_v3	1308462	1309160	intergenic
Pf3D7_06_v3	1309394	1309626	intergenic
Pf3D7_06_v3	1309750	1309986	intergenic
Pf3D7_06_v3	1310910	1311395	intergenic
Pf3D7_06_v3	1312100	1312599	intergenic
Pf3D7_06_v3	1312706	1313172	intergenic
Pf3D7_06_v3	1313457	1315067	intergenic
Pf3D7_06_v3	1315647	1315849	intergenic
Pf3D7_06_v3	1318345	1318998	intergenic
Pf3D7_06_v3	1321584	1321855	intergenic
Pf3D7_06_v3	1328790	1329007	PF3D7_0631800
Pf3D7_06_v3	1329253	1329459	PF3D7_0631800
Pf3D7_06_v3	1329981	1331177	PF3D7_0631800
Pf3D7_06_v3	1331448	1331789	intergenic
Pf3D7_06_v3	1331933	1337731	PF3D7_0631900
Pf3D7_06_v3	1331933	1337731	PF3D7_0632000
Pf3D7_06_v3	1338052	1338649	intergenic
Pf3D7_06_v3	1338854	1340223	PF3D7_0632100
Pf3D7_06_v3	1340368	1342689	PF3D7_0632200
Pf3D7_06_v3	1343150	1344067	intergenic
Pf3D7_06_v3	1344805	1345704	intergenic
Pf3D7_06_v3	1346140	1346499	PF3D7_0632300
Pf3D7_06_v3	1346843	1347153	PF3D7_0632300
Pf3D7_06_v3	1347335	1347653	PF3D7_0632300
Pf3D7_06_v3	1351906	1352270	intergenic
Pf3D7_06_v3	1354202	1354737	intergenic
Pf3D7_06_v3	1355033	1355478	intergenic
Pf3D7_06_v3	1362096	1362315	intergenic
Pf3D7_06_v3	1364262	1364500	intergenic
Pf3D7_06_v3	1364613	1365200	intergenic
Pf3D7_06_v3	1365351	1366056	intergenic
Pf3D7_06_v3	1366288	1366673	PF3D7_0632500
Pf3D7_06_v3	1367099	1367373	PF3D7_0632600
Pf3D7_06_v3	1368044	1368609	PF3D7_0632600
Pf3D7_06_v3	1370954	1371218	PF3D7_0632700
Pf3D7_06_v3	1371759	1372297	PF3D7_0632700
Pf3D7_06_v3	1374891	1375218	intergenic
Pf3D7_06_v3	1375454	1375875	intergenic
Pf3D7_06_v3	1377236	1377527	intergenic
Pf3D7_06_v3	1377800	1382857	PF3D7_0632800
Pf3D7_06_v3	1383064	1384534	intergenic
Pf3D7_06_v3	1384738	1401204	intergenic
Pf3D7_06_v3	1401364	1401766	intergenic
Pf3D7_06_v3	1401927	1411583	intergenic
Pf3D7_06_v3	1411691	1411990	intergenic
Pf3D7_06_v3	1413748	1414242	intergenic
Pf3D7_06_v3	1414938	1415175	intergenic
Pf3D7_06_v3	1416170	1416574	intergenic
Pf3D7_07_v3	2012	4707	intergenic
Pf3D7_07_v3	4833	18081	intergenic
Pf3D7_07_v3	18277	19849	PF3D7_0700100
Pf3D7_07_v3	20084	24300	PF3D7_0700100
Pf3D7_07_v3	30422	30659	PF3D7_0700200
Pf3D7_07_v3	30953	31407	intergenic
Pf3D7_07_v3	34157	39079	PF3D7_0700300
Pf3D7_07_v3	34157	39079	PF3D7_0700400
Pf3D7_07_v3	39296	43291	PF3D7_0700500
Pf3D7_07_v3	43553	44148	PF3D7_0700600
Pf3D7_07_v3	44607	45257	PF3D7_0700700
Pf3D7_07_v3	45412	45994	PF3D7_0700700
Pf3D7_07_v3	49436	49663	intergenic
Pf3D7_07_v3	49875	50935	PF3D7_0700900
Pf3D7_07_v3	53473	53759	intergenic
Pf3D7_07_v3	55426	56572	intergenic
Pf3D7_07_v3	57073	57288	intergenic
Pf3D7_07_v3	58913	60147	intergenic
Pf3D7_07_v3	61158	61606	intergenic
Pf3D7_07_v3	71074	71914	PF3D7_0701600
Pf3D7_07_v3	72298	72655	intergenic
Pf3D7_07_v3	73469	75025	intergenic
Pf3D7_07_v3	75142	75502	intergenic
Pf3D7_07_v3	75615	76882	intergenic
Pf3D7_07_v3	77131	77798	intergenic
Pf3D7_07_v3	77941	82676	intergenic
Pf3D7_07_v3	82833	83146	PF3D7_0701900
Pf3D7_07_v3	84995	85208	PF3D7_0702000
Pf3D7_07_v3	508346	508705	PF3D7_0711600
Pf3D7_07_v3	508907	509432	intergenic
Pf3D7_07_v3	509558	509835	intergenic
Pf3D7_07_v3	509981	510637	intergenic
Pf3D7_07_v3	511515	513574	intergenic
Pf3D7_07_v3	513972	517969	intergenic
Pf3D7_07_v3	518096	520038	PF3D7_0711700
Pf3D7_07_v3	520188	520651	intergenic
Pf3D7_07_v3	520906	522798	PF3D7_0711800
Pf3D7_07_v3	523034	524730	PF3D7_0711800
Pf3D7_07_v3	525353	525970	intergenic
Pf3D7_07_v3	526098	527216	PF3D7_0711900
Pf3D7_07_v3	527322	529094	intergenic
Pf3D7_07_v3	529504	538229	PF3D7_0712000
Pf3D7_07_v3	529504	538229	PF3D7_0712100
Pf3D7_07_v3	538392	539951	PF3D7_0712100
Pf3D7_07_v3	540194	542605	PF3D7_0712200
Pf3D7_07_v3	542806	544538	intergenic
Pf3D7_07_v3	544973	550795	PF3D7_0712300
Pf3D7_07_v3	550973	551673	intergenic
Pf3D7_07_v3	551921	553652	intergenic
Pf3D7_07_v3	553988	559338	PF3D7_0712400
Pf3D7_07_v3	559569	560467	intergenic
Pf3D7_07_v3	560576	568314	PF3D7_0712500
Pf3D7_07_v3	568703	574867	PF3D7_0712600
Pf3D7_07_v3	575128	577326	PF3D7_0712700
Pf3D7_07_v3	577768	578180	PF3D7_0712700
Pf3D7_07_v3	578357	578688	intergenic
Pf3D7_07_v3	579088	580176	intergenic
Pf3D7_07_v3	580334	583038	intergenic
Pf3D7_07_v3	583336	589193	PF3D7_0712800
Pf3D7_07_v3	589400	590058	intergenic
Pf3D7_07_v3	590224	591692	intergenic
Pf3D7_07_v3	592181	598349	PF3D7_0712900
Pf3D7_07_v3	598993	600079	intergenic
Pf3D7_07_v3	600207	600645	intergenic
Pf3D7_07_v3	600763	603935	PF3D7_0713000
Pf3D7_07_v3	604069	605049	PF3D7_0713100
Pf3D7_07_v3	605687	606488	PF3D7_0713100
Pf3D7_07_v3	606628	608081	PF3D7_0713200
Pf3D7_07_v3	608723	608989	PF3D7_0713300
Pf3D7_07_v3	609396	609686	PF3D7_0713300
Pf3D7_07_v3	1266831	1280250	intergenic
Pf3D7_07_v3	1379536	1383852	PF3D7_0731900
Pf3D7_07_v3	1384000	1386857	PF3D7_0732000
Pf3D7_07_v3	1384000	1386857	PF3D7_0732100
Pf3D7_07_v3	1387848	1388127	PF3D7_0732100
Pf3D7_07_v3	1388580	1389409	intergenic
Pf3D7_07_v3	1391000	1393042	PF3D7_0732200
Pf3D7_07_v3	1393292	1394371	intergenic
Pf3D7_07_v3	1394663	1395459	intergenic
Pf3D7_07_v3	1395628	1398630	PF3D7_0732300
Pf3D7_07_v3	1398769	1402348	PF3D7_0732400
Pf3D7_07_v3	1402517	1406098	PF3D7_0732500
Pf3D7_07_v3	1402517	1406098	PF3D7_0732600
Pf3D7_07_v3	1406312	1406803	PF3D7_0732600
Pf3D7_07_v3	1406945	1407712	PF3D7_0732600
Pf3D7_07_v3	1408444	1410684	PF3D7_0732800
Pf3D7_07_v3	1408444	1410684	PF3D7_0732700
Pf3D7_07_v3	1414571	1415040	PF3D7_0732900
Pf3D7_07_v3	1417519	1418768	intergenic
Pf3D7_07_v3	1420973	1426500	PF3D7_0733000
Pf3D7_07_v3	1426698	1428036	intergenic
Pf3D7_07_v3	1428163	1432316	intergenic
Pf3D7_07_v3	1434165	1444405	intergenic
Pf3D7_07_v3	1444518	1444778	intergenic
Pf3D7_08_v3	38	19296	intergenic
Pf3D7_08_v3	19546	20907	PF3D7_0800100
Pf3D7_08_v3	21146	25872	PF3D7_0800100
Pf3D7_08_v3	26033	26484	intergenic
Pf3D7_08_v3	27324	28647	intergenic
Pf3D7_08_v3	29158	29477	intergenic
Pf3D7_08_v3	29782	30259	intergenic
Pf3D7_08_v3	30453	30841	intergenic
Pf3D7_08_v3	33300	39427	PF3D7_0800200
Pf3D7_08_v3	39783	40089	PF3D7_0800300
Pf3D7_08_v3	40678	48755	PF3D7_0800300
Pf3D7_08_v3	49225	51058	intergenic
Pf3D7_08_v3	52621	53785	intergenic
Pf3D7_08_v3	54862	55878	intergenic
Pf3D7_08_v3	56125	57904	PF3D7_0800500
Pf3D7_08_v3	58321	59043	intergenic
Pf3D7_08_v3	59447	59795	intergenic
Pf3D7_08_v3	60758	61447	intergenic
Pf3D7_08_v3	65797	66000	intergenic
Pf3D7_08_v3	66618	66944	intergenic
Pf3D7_08_v3	67224	67706	intergenic
Pf3D7_08_v3	68035	68594	intergenic
Pf3D7_08_v3	68738	70879	intergenic
Pf3D7_08_v3	71535	71785	PF3D7_0800700
Pf3D7_08_v3	427056	427778	PF3D7_0808500
Pf3D7_08_v3	427898	430516	PF3D7_0808600
Pf3D7_08_v3	430617	430928	PF3D7_0808600
Pf3D7_08_v3	431099	436930	PF3D7_0808600
Pf3D7_08_v3	437257	439935	PF3D7_0808700
Pf3D7_08_v3	440184	446013	PF3D7_0808700
Pf3D7_08_v3	446461	448555	intergenic
Pf3D7_08_v3	448780	451973	PF3D7_0808800
Pf3D7_08_v3	452295	452712	intergenic
Pf3D7_08_v3	452870	456305	PF3D7_0808900
Pf3D7_08_v3	452870	456305	PF3D7_0809000
Pf3D7_08_v3	456746	457240	intergenic
Pf3D7_08_v3	457610	458530	PF3D7_0809100
Pf3D7_08_v3	458668	458969	PF3D7_0809100
Pf3D7_08_v3	459106	464166	PF3D7_0809100
Pf3D7_08_v3	465203	466552	intergenic
Pf3D7_08_v3	637993	641493	PF3D7_0812900
Pf3D7_08_v3	641681	642269	intergenic
Pf3D7_08_v3	1329876	1330129	intergenic
Pf3D7_08_v3	1361292	1361496	intergenic
Pf3D7_08_v3	1392246	1392554	PF3D7_0832200
Pf3D7_08_v3	1392667	1393138	intergenic
Pf3D7_08_v3	1393391	1394199	PF3D7_0832250
Pf3D7_08_v3	1394309	1394959	PF3D7_0832250
Pf3D7_08_v3	1395454	1396628	PF3D7_0832300
Pf3D7_08_v3	1396989	1398173	PF3D7_0832300
Pf3D7_08_v3	1398437	1402299	PF3D7_0832400
Pf3D7_08_v3	1402410	1407089	PF3D7_0832500
Pf3D7_08_v3	1402410	1407089	PF3D7_0832600
Pf3D7_08_v3	1407510	1407742	PF3D7_0832700
Pf3D7_08_v3	1408314	1410034	PF3D7_0832700
Pf3D7_08_v3	1410231	1412255	PF3D7_0832800
Pf3D7_08_v3	1412613	1413057	intergenic
Pf3D7_08_v3	1413171	1414002	PF3D7_0832900
Pf3D7_08_v3	1414120	1415565	PF3D7_0832900
Pf3D7_08_v3	1416034	1416258	intergenic
Pf3D7_08_v3	1416553	1417089	PF3D7_0833000
Pf3D7_08_v3	1417508	1419017	PF3D7_0833000
Pf3D7_08_v3	1419959	1420166	intergenic
Pf3D7_08_v3	1420681	1422742	PF3D7_0833100
Pf3D7_08_v3	1423345	1424062	intergenic
Pf3D7_08_v3	1424364	1424634	intergenic
Pf3D7_08_v3	1424744	1425704	intergenic
Pf3D7_08_v3	1426206	1427330	PF3D7_0833200
Pf3D7_08_v3	1427441	1428261	intergenic
Pf3D7_08_v3	1428633	1428855	PF3D7_0833300
Pf3D7_08_v3	1429084	1430561	PF3D7_0833300
Pf3D7_08_v3	1432623	1434072	PF3D7_0833400
Pf3D7_08_v3	1435809	1437350	intergenic
Pf3D7_08_v3	1437993	1438578	intergenic
Pf3D7_08_v3	1438756	1443728	PF3D7_0833500
Pf3D7_08_v3	1443932	1445372	intergenic
Pf3D7_08_v3	1445536	1468425	intergenic
Pf3D7_08_v3	1468574	1469128	intergenic
Pf3D7_08_v3	1469246	1472450	intergenic
Pf3D7_09_v3	352	17955	intergenic
Pf3D7_09_v3	18312	19605	PF3D7_0900100
Pf3D7_09_v3	19854	25676	PF3D7_0900100
Pf3D7_09_v3	26570	27951	intergenic
Pf3D7_09_v3	29720	30934	intergenic
Pf3D7_09_v3	31516	31766	intergenic
Pf3D7_09_v3	33483	35186	PF3D7_0900300
Pf3D7_09_v3	35593	37683	intergenic
Pf3D7_09_v3	39841	40906	PF3D7_0900400
Pf3D7_09_v3	42293	42567	intergenic
Pf3D7_09_v3	42917	43198	intergenic
Pf3D7_09_v3	43420	47447	PF3D7_0900500
Pf3D7_09_v3	43420	47447	PF3D7_0900600
Pf3D7_09_v3	48199	49154	intergenic
Pf3D7_09_v3	49395	51676	PF3D7_0900700
Pf3D7_09_v3	52569	53512	intergenic
Pf3D7_09_v3	54396	54627	intergenic
Pf3D7_09_v3	55053	55848	intergenic
Pf3D7_09_v3	56156	57184	intergenic
Pf3D7_09_v3	57296	57651	intergenic
Pf3D7_09_v3	57796	60004	PF3D7_0901000
Pf3D7_09_v3	61231	61561	intergenic
Pf3D7_09_v3	61711	62259	intergenic
Pf3D7_09_v3	62600	63179	intergenic
Pf3D7_09_v3	63750	65041	PF3D7_0901200
Pf3D7_09_v3	65349	66098	intergenic
Pf3D7_09_v3	66505	67069	PF3D7_0901300
Pf3D7_09_v3	67624	72508	PF3D7_0901300
Pf3D7_09_v3	67624	72508	PF3D7_0901400
Pf3D7_09_v3	72690	76031	PF3D7_0901500
Pf3D7_09_v3	76136	76638	intergenic
Pf3D7_09_v3	76770	77477	PF3D7_0901600
Pf3D7_09_v3	77679	78678	PF3D7_0901600
Pf3D7_09_v3	79708	79922	intergenic
Pf3D7_09_v3	1447299	1447849	PF3D7_0936600
Pf3D7_09_v3	1448190	1449594	intergenic
Pf3D7_09_v3	1449881	1450354	intergenic
Pf3D7_09_v3	1451230	1452001	intergenic
Pf3D7_09_v3	1452180	1452677	intergenic
Pf3D7_09_v3	1453511	1453849	PF3D7_0936700
Pf3D7_09_v3	1454321	1455234	PF3D7_0936700
Pf3D7_09_v3	1459564	1460206	intergenic
Pf3D7_09_v3	1460535	1460837	intergenic
Pf3D7_09_v3	1460944	1461269	intergenic
Pf3D7_09_v3	1461516	1462183	PF3D7_0936900
Pf3D7_09_v3	1462312	1467663	PF3D7_0936900
Pf3D7_09_v3	1462312	1467663	PF3D7_0937000
Pf3D7_09_v3	1467827	1468374	intergenic
Pf3D7_09_v3	1468482	1470753	PF3D7_0937100
Pf3D7_09_v3	1471761	1472916	PF3D7_0937200
Pf3D7_09_v3	1473202	1473522	PF3D7_0937300
Pf3D7_09_v3	1473729	1474116	PF3D7_0937300
Pf3D7_09_v3	1474346	1475813	PF3D7_0937300
Pf3D7_09_v3	1475951	1478224	PF3D7_0937400
Pf3D7_09_v3	1478362	1478604	intergenic
Pf3D7_09_v3	1479065	1479355	intergenic
Pf3D7_09_v3	1480808	1482141	intergenic
Pf3D7_09_v3	1483667	1484761	intergenic
Pf3D7_09_v3	1485038	1485444	PF3D7_0937600
Pf3D7_09_v3	1485799	1487228	PF3D7_0937600
Pf3D7_09_v3	1487440	1487690	intergenic
Pf3D7_09_v3	1487951	1488182	intergenic
Pf3D7_09_v3	1488681	1488983	intergenic
Pf3D7_09_v3	1489242	1490013	intergenic
Pf3D7_09_v3	1490810	1491062	intergenic
Pf3D7_09_v3	1492300	1493658	PF3D7_0937700
Pf3D7_09_v3	1495688	1496188	intergenic
Pf3D7_09_v3	1496315	1496709	intergenic
Pf3D7_09_v3	1496886	1497092	intergenic
Pf3D7_09_v3	1498070	1498410	intergenic
Pf3D7_09_v3	1498566	1503588	PF3D7_0937800
Pf3D7_09_v3	1503801	1505224	intergenic
Pf3D7_09_v3	1505430	1541236	intergenic
Pf3D7_10_v3	720	25866	intergenic
Pf3D7_10_v3	26139	26366	intergenic
Pf3D7_10_v3	26577	28085	PF3D7_1000100
Pf3D7_10_v3	28261	34199	PF3D7_1000100
Pf3D7_10_v3	34621	36266	intergenic
Pf3D7_10_v3	37966	39237	intergenic
Pf3D7_10_v3	39471	39676	intergenic
Pf3D7_10_v3	40314	40533	intergenic
Pf3D7_10_v3	40778	41103	intergenic
Pf3D7_10_v3	41655	42893	intergenic
Pf3D7_10_v3	43114	43710	intergenic
Pf3D7_10_v3	44058	45884	intergenic
Pf3D7_10_v3	46168	50970	PF3D7_1000500
Pf3D7_10_v3	51272	52423	intergenic
Pf3D7_10_v3	53008	53265	intergenic
Pf3D7_10_v3	53480	53688	intergenic
Pf3D7_10_v3	54156	54451	intergenic
Pf3D7_10_v3	54564	55612	PF3D7_1000700
Pf3D7_10_v3	56069	56792	intergenic
Pf3D7_10_v3	57189	57588	PF3D7_1000800
Pf3D7_10_v3	57754	61434	PF3D7_1000800
Pf3D7_10_v3	57754	61434	PF3D7_1000900
Pf3D7_10_v3	66771	66995	intergenic
Pf3D7_10_v3	68060	68322	intergenic
Pf3D7_10_v3	649101	649343	intergenic
Pf3D7_10_v3	1429511	1430700	intergenic
Pf3D7_10_v3	1430836	1432154	PF3D7_1036300
Pf3D7_10_v3	1432267	1434785	PF3D7_1036300
Pf3D7_10_v3	1435221	1436927	PF3D7_1036400
Pf3D7_10_v3	1437672	1438126	intergenic
Pf3D7_10_v3	1574991	1575525	intergenic
Pf3D7_10_v3	1575648	1576021	intergenic
Pf3D7_10_v3	1576233	1576496	intergenic
Pf3D7_10_v3	1576787	1577000	PF3D7_1039200
Pf3D7_10_v3	1578788	1579407	intergenic
Pf3D7_10_v3	1581629	1584963	intergenic
Pf3D7_10_v3	1590456	1590826	PF3D7_1039600
Pf3D7_10_v3	1591540	1592256	intergenic
Pf3D7_10_v3	1593171	1593864	intergenic
Pf3D7_10_v3	1596829	1597044	PF3D7_1039900
Pf3D7_10_v3	1599705	1600723	PF3D7_1040000
Pf3D7_10_v3	1602398	1602625	PF3D7_1040100
Pf3D7_10_v3	1602929	1603137	PF3D7_1040100
Pf3D7_10_v3	1607028	1613993	PF3D7_1040300
Pf3D7_10_v3	1607028	1613993	PF3D7_1040400
Pf3D7_10_v3	1614220	1614519	intergenic
Pf3D7_10_v3	1614624	1618768	PF3D7_1040500
Pf3D7_10_v3	1614624	1618768	PF3D7_1040600
Pf3D7_10_v3	1619238	1620420	PF3D7_1040600
Pf3D7_10_v3	1620708	1621087	intergenic
Pf3D7_10_v3	1621277	1623823	PF3D7_1040700
Pf3D7_10_v3	1623992	1624497	intergenic
Pf3D7_10_v3	1624938	1626998	PF3D7_1040800
Pf3D7_10_v3	1627317	1627641	intergenic
Pf3D7_10_v3	1627845	1628679	PF3D7_1040900
Pf3D7_10_v3	1629085	1633808	PF3D7_1040900
Pf3D7_10_v3	1629085	1633808	PF3D7_1041000
Pf3D7_10_v3	1634043	1634293	intergenic
Pf3D7_10_v3	1634578	1635344	PF3D7_1041100
Pf3D7_10_v3	1635512	1635717	PF3D7_1041100
Pf3D7_10_v3	1642841	1643053	intergenic
Pf3D7_10_v3	1643222	1643830	intergenic
Pf3D7_10_v3	1645153	1645394	intergenic
Pf3D7_10_v3	1645735	1650269	PF3D7_1041300
Pf3D7_10_v3	1650408	1651880	intergenic
Pf3D7_10_v3	1652091	1662187	intergenic
Pf3D7_10_v3	1662346	1666990	intergenic
Pf3D7_10_v3	1668901	1686995	intergenic
Pf3D7_11_v3	434	22122	intergenic
Pf3D7_11_v3	22286	23690	PF3D7_1100100
Pf3D7_11_v3	23914	29161	PF3D7_1100100
Pf3D7_11_v3	29302	29639	intergenic
Pf3D7_11_v3	30267	31541	intergenic
Pf3D7_11_v3	32593	33228	intergenic
Pf3D7_11_v3	33420	33647	intergenic
Pf3D7_11_v3	33783	34046	intergenic
Pf3D7_11_v3	34572	34933	intergenic
Pf3D7_11_v3	35474	42718	PF3D7_1100200
Pf3D7_11_v3	42863	43289	intergenic
Pf3D7_11_v3	43965	44524	PF3D7_1100300
Pf3D7_11_v3	45181	46334	PF3D7_1100300
Pf3D7_11_v3	46493	49443	PF3D7_1100400
Pf3D7_11_v3	49549	49749	intergenic
Pf3D7_11_v3	52001	53627	PF3D7_1100500
Pf3D7_11_v3	54066	54508	intergenic
Pf3D7_11_v3	55896	56284	PF3D7_1100700
Pf3D7_11_v3	56700	57934	PF3D7_1100700
Pf3D7_11_v3	59444	61781	PF3D7_1100800
Pf3D7_11_v3	59444	61781	PF3D7_1100900
Pf3D7_11_v3	61926	62153	intergenic
Pf3D7_11_v3	64694	64899	PF3D7_1101000
Pf3D7_11_v3	66572	67709	intergenic
Pf3D7_11_v3	68160	68483	intergenic
Pf3D7_11_v3	69055	69305	intergenic
Pf3D7_11_v3	69994	72063	PF3D7_1101200
Pf3D7_11_v3	72178	72894	intergenic
Pf3D7_11_v3	72997	75528	PF3D7_1101300
Pf3D7_11_v3	75701	77043	intergenic
Pf3D7_11_v3	79286	79549	intergenic
Pf3D7_11_v3	82576	82868	PF3D7_1101600
Pf3D7_11_v3	83839	84168	intergenic
Pf3D7_11_v3	85726	86398	PF3D7_1101700
Pf3D7_11_v3	88404	88686	intergenic
Pf3D7_11_v3	93470	94093	intergenic
Pf3D7_11_v3	94360	94588	intergenic
Pf3D7_11_v3	94791	96421	intergenic
Pf3D7_11_v3	96584	99720	intergenic
Pf3D7_11_v3	99879	100150	intergenic
Pf3D7_11_v3	101374	101632	intergenic
Pf3D7_11_v3	101886	102503	intergenic
Pf3D7_11_v3	103418	103670	PF3D7_1102100
Pf3D7_11_v3	104289	104519	PF3D7_1102100
Pf3D7_11_v3	104638	105066	PF3D7_1102100
Pf3D7_11_v3	105418	106379	intergenic
Pf3D7_11_v3	109847	110444	intergenic
Pf3D7_11_v3	1989923	1990154	intergenic
Pf3D7_11_v3	1990280	1994079	PF3D7_1149500
Pf3D7_11_v3	1994243	1994802	intergenic
Pf3D7_11_v3	1995245	1996081	intergenic
Pf3D7_11_v3	1996207	1998011	intergenic
Pf3D7_11_v3	2002271	2003367	intergenic
Pf3D7_11_v3	2003508	2008627	PF3D7_1149700
Pf3D7_11_v3	2003508	2008627	PF3D7_1149800
Pf3D7_11_v3	2008808	2015218	PF3D7_1149900
Pf3D7_11_v3	2008808	2015218	PF3D7_1150000
Pf3D7_11_v3	2015460	2018404	PF3D7_1150100
Pf3D7_11_v3	2018559	2020620	PF3D7_1150200
Pf3D7_11_v3	2020752	2023035	PF3D7_1150300
Pf3D7_11_v3	2024886	2025216	PF3D7_1150400
Pf3D7_11_v3	2025402	2034154	PF3D7_1150400
Pf3D7_11_v3	2034410	2036523	intergenic
Pf3D7_11_v3	2036821	2037291	intergenic
Pf3D7_12_v3	375	14913	intergenic
Pf3D7_12_v3	15080	16507	PF3D7_1200100
Pf3D7_12_v3	16738	22036	PF3D7_1200100
Pf3D7_12_v3	22996	24076	intergenic
Pf3D7_12_v3	26411	26670	intergenic
Pf3D7_12_v3	26840	27440	intergenic
Pf3D7_12_v3	30014	31408	PF3D7_1200300
Pf3D7_12_v3	31511	32287	PF3D7_1200400
Pf3D7_12_v3	32483	38227	PF3D7_1200400
Pf3D7_12_v3	40766	41092	intergenic
Pf3D7_12_v3	41253	41618	intergenic
Pf3D7_12_v3	50922	57927	PF3D7_1200600
Pf3D7_12_v3	58191	58691	intergenic
Pf3D7_12_v3	59116	59320	intergenic
Pf3D7_12_v3	59535	60785	intergenic
Pf3D7_12_v3	61082	63460	intergenic
Pf3D7_12_v3	379127	385662	intergenic
Pf3D7_12_v3	385764	385971	intergenic
Pf3D7_12_v3	764223	765427	PF3D7_1219200
Pf3D7_12_v3	765560	768317	intergenic
Pf3D7_12_v3	768599	774535	PF3D7_1219300
Pf3D7_12_v3	774672	780296	PF3D7_1219400
Pf3D7_12_v3	780809	782033	intergenic
Pf3D7_12_v3	782227	784886	PF3D7_1219500
Pf3D7_12_v3	785022	785234	intergenic
Pf3D7_12_v3	904207	904489	intergenic
Pf3D7_12_v3	904598	905178	intergenic
Pf3D7_12_v3	905751	914573	PF3D7_1222600
Pf3D7_12_v3	1506760	1506975	intergenic
Pf3D7_12_v3	1688936	1692304	PF3D7_1240200
Pf3D7_12_v3	1692491	1693170	PF3D7_1240300
Pf3D7_12_v3	1693367	1693590	PF3D7_1240300
Pf3D7_12_v3	1693704	1700970	PF3D7_1240300
Pf3D7_12_v3	1701569	1704026	PF3D7_1240400
Pf3D7_12_v3	1704262	1707246	PF3D7_1240400
Pf3D7_12_v3	1707401	1710144	intergenic
Pf3D7_12_v3	1710702	1713570	intergenic
Pf3D7_12_v3	1713784	1714845	intergenic
Pf3D7_12_v3	1715042	1715539	intergenic
Pf3D7_12_v3	1715775	1716121	PF3D7_1240500
Pf3D7_12_v3	1716447	1717258	intergenic
Pf3D7_12_v3	1717609	1717826	intergenic
Pf3D7_12_v3	1718887	1719277	PF3D7_1240600
Pf3D7_12_v3	1719594	1721454	PF3D7_1240600
Pf3D7_12_v3	1721574	1725503	intergenic
Pf3D7_12_v3	1725899	1727588	intergenic
Pf3D7_12_v3	1727717	1732121	PF3D7_1240700
Pf3D7_12_v3	1727717	1732121	PF3D7_1240800
Pf3D7_12_v3	1732291	1734292	intergenic
Pf3D7_12_v3	1734431	1734821	PF3D7_1240900
Pf3D7_12_v3	1735005	1738408	PF3D7_1240900
Pf3D7_12_v3	1738552	1741258	intergenic
Pf3D7_12_v3	1741656	1745514	PF3D7_1241000
Pf3D7_12_v3	2183514	2183741	intergenic
Pf3D7_12_v3	2183872	2184075	intergenic
Pf3D7_12_v3	2185551	2185790	intergenic
Pf3D7_12_v3	2186013	2188613	PF3D7_1253600
Pf3D7_12_v3	2188759	2190156	PF3D7_1253600
Pf3D7_12_v3	2190484	2192712	PF3D7_1253700
Pf3D7_12_v3	2192915	2195107	intergenic
Pf3D7_12_v3	2195217	2195889	PF3D7_1253800
Pf3D7_12_v3	2196096	2196390	PF3D7_1253800
Pf3D7_12_v3	2199202	2199750	PF3D7_1253900
Pf3D7_12_v3	2200121	2200906	PF3D7_1254000
Pf3D7_12_v3	2201381	2202833	PF3D7_1254000
Pf3D7_12_v3	2203590	2206809	PF3D7_1254100
Pf3D7_12_v3	2207008	2207365	PF3D7_1254200
Pf3D7_12_v3	2208066	2210132	PF3D7_1254200
Pf3D7_12_v3	2210618	2211199	PF3D7_1254300
Pf3D7_12_v3	2211372	2212287	PF3D7_1254300
Pf3D7_12_v3	2212388	2216327	PF3D7_1254400
Pf3D7_12_v3	2216435	2216962	intergenic
Pf3D7_12_v3	2217348	2220528	PF3D7_1254500
Pf3D7_12_v3	2220708	2222561	PF3D7_1254600
Pf3D7_12_v3	2222694	2224150	intergenic
Pf3D7_12_v3	2224278	2227198	PF3D7_1254700
Pf3D7_12_v3	2227451	2227756	intergenic
Pf3D7_12_v3	2228342	2229639	intergenic
Pf3D7_12_v3	2229996	2230363	intergenic
Pf3D7_12_v3	2231322	2231788	PF3D7_1254900
Pf3D7_12_v3	2232029	2232298	PF3D7_1254900
Pf3D7_12_v3	2232994	2233370	intergenic
Pf3D7_12_v3	2233775	2234332	PF3D7_1255000
Pf3D7_12_v3	2234618	2235916	PF3D7_1255000
Pf3D7_12_v3	2238072	2239544	PF3D7_1255100
Pf3D7_12_v3	2241318	2242647	intergenic
Pf3D7_12_v3	2243432	2244153	intergenic
Pf3D7_12_v3	2244302	2249199	PF3D7_1255200
Pf3D7_12_v3	2249442	2250756	intergenic
Pf3D7_12_v3	2251004	2271493	intergenic
Pf3D7_13_v3	23972	26600	intergenic
Pf3D7_13_v3	27466	28798	intergenic
Pf3D7_13_v3	30146	30353	intergenic
Pf3D7_13_v3	30488	31958	PF3D7_1300200
Pf3D7_13_v3	32756	33070	intergenic
Pf3D7_13_v3	33244	35358	intergenic
Pf3D7_13_v3	35734	45108	PF3D7_1300300
Pf3D7_13_v3	45431	45739	intergenic
Pf3D7_13_v3	46486	46767	PF3D7_1300400
Pf3D7_13_v3	47885	49795	PF3D7_1300400
Pf3D7_13_v3	47885	49795	PF3D7_1300500
Pf3D7_13_v3	49909	51997	PF3D7_1300500
Pf3D7_13_v3	53463	53719	intergenic
Pf3D7_13_v3	53965	54597	intergenic
Pf3D7_13_v3	57827	59104	PF3D7_1300700
Pf3D7_13_v3	60066	60601	intergenic
Pf3D7_13_v3	61003	61306	PF3D7_1300800
Pf3D7_13_v3	62487	64264	PF3D7_1300900
Pf3D7_13_v3	65481	65768	intergenic
Pf3D7_13_v3	65976	66482	intergenic
Pf3D7_13_v3	69126	69371	intergenic
Pf3D7_13_v3	70596	71541	intergenic
Pf3D7_13_v3	73037	74507	PF3D7_1301200
Pf3D7_13_v3	74664	75020	intergenic
Pf3D7_13_v3	75220	76432	intergenic
Pf3D7_13_v3	76637	79619	PF3D7_1301300
Pf3D7_13_v3	2833878	2834235	intergenic
Pf3D7_13_v3	2834350	2834741	intergenic
Pf3D7_13_v3	2835259	2836761	PF3D7_1372100
Pf3D7_13_v3	2836880	2839476	PF3D7_1372100
Pf3D7_13_v3	2839587	2839970	intergenic
Pf3D7_13_v3	2840075	2841138	intergenic
Pf3D7_13_v3	2859386	2861726	PF3D7_1372700
Pf3D7_13_v3	2861954	2862638	intergenic
Pf3D7_13_v3	2862744	2864988	PF3D7_1372800
Pf3D7_13_v3	2862744	2864988	PF3D7_1372900
Pf3D7_13_v3	2865856	2866071	PF3D7_1372900
Pf3D7_13_v3	2866261	2866532	PF3D7_1372900
Pf3D7_13_v3	2866724	2867003	intergenic
Pf3D7_13_v3	2869130	2870324	PF3D7_1373000
Pf3D7_13_v3	2870602	2873261	PF3D7_1373100
Pf3D7_13_v3	2873795	2874038	intergenic
Pf3D7_13_v3	2874560	2875615	PF3D7_1373200
Pf3D7_13_v3	2876119	2878378	PF3D7_1373200
Pf3D7_13_v3	2876119	2878378	PF3D7_1373300
Pf3D7_13_v3	2882875	2883109	intergenic
Pf3D7_13_v3	2885379	2885650	intergenic
Pf3D7_13_v3	2886920	2887314	intergenic
Pf3D7_13_v3	2887422	2887962	intergenic
Pf3D7_13_v3	2888063	2892570	PF3D7_1373500
Pf3D7_13_v3	2892755	2894229	intergenic
Pf3D7_13_v3	2894486	2922873	intergenic
Pf3D7_14_v3	1269	3278	PF3D7_1400100
Pf3D7_14_v3	3739	4115	intergenic
Pf3D7_14_v3	4218	5465	intergenic
Pf3D7_14_v3	7035	9017	PF3D7_1400200
Pf3D7_14_v3	10360	12428	PF3D7_1400300
Pf3D7_14_v3	12536	12741	intergenic
Pf3D7_14_v3	13136	13407	intergenic
Pf3D7_14_v3	13550	13754	intergenic
Pf3D7_14_v3	13867	16508	PF3D7_1400400
Pf3D7_14_v3	16683	16992	intergenic
Pf3D7_14_v3	17228	18499	intergenic
Pf3D7_14_v3	18639	20458	PF3D7_1400500
Pf3D7_14_v3	20567	21978	intergenic
Pf3D7_14_v3	22515	26333	PF3D7_1400700
Pf3D7_14_v3	26485	26835	intergenic
Pf3D7_14_v3	27013	30472	PF3D7_1400800
Pf3D7_14_v3	32186	32426	intergenic
Pf3D7_14_v3	32533	33380	intergenic
Pf3D7_14_v3	34646	35867	PF3D7_1401000
Pf3D7_14_v3	35980	36240	intergenic
Pf3D7_14_v3	36604	37577	intergenic
Pf3D7_14_v3	37741	38256	PF3D7_1401050
Pf3D7_14_v3	38361	40825	PF3D7_1401050
Pf3D7_14_v3	40941	42145	intergenic
Pf3D7_14_v3	610746	610946	intergenic
Pf3D7_14_v3	3147784	3148656	PF3D7_1476500
Pf3D7_14_v3	3148983	3150916	intergenic
Pf3D7_14_v3	3151126	3151681	PF3D7_1476600
Pf3D7_14_v3	3151871	3154707	PF3D7_1476600
Pf3D7_14_v3	3164658	3164902	intergenic
Pf3D7_14_v3	3165149	3165575	intergenic
Pf3D7_14_v3	3165975	3166345	intergenic
Pf3D7_14_v3	3167126	3167808	PF3D7_1477000
Pf3D7_14_v3	3168411	3170533	PF3D7_1477000
Pf3D7_14_v3	3171020	3171798	intergenic
Pf3D7_14_v3	3171971	3172458	intergenic
Pf3D7_14_v3	3172863	3174069	PF3D7_1477100
Pf3D7_14_v3	3174501	3174725	PF3D7_1477200
Pf3D7_14_v3	3174868	3175206	PF3D7_1477200
Pf3D7_14_v3	3175502	3176518	PF3D7_1477200
Pf3D7_14_v3	3176672	3177189	intergenic
Pf3D7_14_v3	3177648	3177922	intergenic
Pf3D7_14_v3	3178085	3178991	PF3D7_1477300
Pf3D7_14_v3	3179409	3181891	PF3D7_1477300
Pf3D7_14_v3	3181992	3182366	PF3D7_1477400
Pf3D7_14_v3	3182646	3182977	PF3D7_1477400
Pf3D7_14_v3	3183160	3184701	PF3D7_1477400
Pf3D7_14_v3	3184955	3185261	intergenic
Pf3D7_14_v3	3194357	3195512	intergenic
Pf3D7_14_v3	3195711	3197141	intergenic
Pf3D7_14_v3	3198135	3200475	intergenic
Pf3D7_14_v3	3200975	3201327	intergenic
Pf3D7_14_v3	3202316	3202685	PF3D7_1477700
Pf3D7_14_v3	3202858	3203794	PF3D7_1477700
Pf3D7_14_v3	3209128	3211718	PF3D7_1477900
Pf3D7_14_v3	3211898	3212685	PF3D7_1478000
Pf3D7_14_v3	3212915	3213116	PF3D7_1478000
Pf3D7_14_v3	3213505	3215625	PF3D7_1478000
Pf3D7_14_v3	3215785	3216235	intergenic
Pf3D7_14_v3	3216401	3217012	intergenic
Pf3D7_14_v3	3219909	3220899	PF3D7_1478200
Pf3D7_14_v3	3219909	3220899	PF3D7_1478300
Pf3D7_14_v3	3221016	3223016	PF3D7_1478300
Pf3D7_14_v3	3223195	3224649	PF3D7_1478400
Pf3D7_14_v3	3224787	3225161	intergenic
Pf3D7_14_v3	3226068	3227355	intergenic
Pf3D7_14_v3	3227484	3228268	PF3D7_1478500
Pf3D7_14_v3	3228493	3229588	PF3D7_1478500
Pf3D7_14_v3	3234522	3234785	intergenic
Pf3D7_14_v3	3235885	3236125	intergenic
Pf3D7_14_v3	3236261	3236633	intergenic
Pf3D7_14_v3	3236828	3241139	PF3D7_1478700
Pf3D7_14_v3	3241337	3242455	intergenic
Pf3D7_14_v3	3242877	3243181	intergenic
Pf3D7_14_v3	3247877	3253167	PF3D7_1479000
Pf3D7_14_v3	3253857	3256004	PF3D7_1479000
Pf3D7_14_v3	3257178	3257423	intergenic
Pf3D7_14_v3	3259238	3259484	intergenic
Pf3D7_14_v3	3259687	3261041	PF3D7_1479200
Pf3D7_14_v3	3264782	3265003	intergenic
Pf3D7_14_v3	3265315	3265577	PF3D7_1479400
Pf3D7_14_v3	3265854	3267511	PF3D7_1479400
Pf3D7_14_v3	3267988	3268190	intergenic
Pf3D7_14_v3	3269579	3273978	PF3D7_1479500
Pf3D7_14_v3	3269579	3273978	PF3D7_1479600
Pf3D7_14_v3	3274696	3275116	intergenic
Pf3D7_14_v3	3275626	3277680	PF3D7_1479700
Pf3D7_14_v3	3278872	3280983	PF3D7_1479800
Pf3D7_14_v3	3281134	3281506	intergenic
Pf3D7_14_v3	3281713	3284037	PF3D7_1479900
Pf3D7_14_v3	3285107	3285558	PF3D7_1480000
Pf3D7_14_v3	3285991	3287090	PF3D7_1480000
Pf3D7_14_v3	3289384	3289727	intergenic
Pf3D7_14_v3	3290578	3291029	PF3D7_1480100
