Pf3D7_01_v3	46736	47143	intergenic
Pf3D7_01_v3	47390	47725	intergenic
Pf3D7_01_v3	55784	56186	intergenic
Pf3D7_01_v3	59618	59909	PF3D7_0100800
Pf3D7_01_v3	61312	61557	intergenic
Pf3D7_01_v3	63915	64184	intergenic
Pf3D7_01_v3	64360	64724	intergenic
Pf3D7_01_v3	70540	70907	PF3D7_0101200
Pf3D7_01_v3	73016	73270	intergenic
Pf3D7_01_v3	89122	90156	intergenic
Pf3D7_01_v3	92218	92512	intergenic
Pf3D7_01_v3	94157	94631	PF3D7_0102100
Pf3D7_01_v3	522755	523505	intergenic
Pf3D7_01_v3	523684	525536	intergenic
Pf3D7_01_v3	548631	549109	intergenic
Pf3D7_01_v3	549442	549988	intergenic
Pf3D7_01_v3	551998	552341	PF3D7_0114300
Pf3D7_01_v3	552461	552771	PF3D7_0114300
Pf3D7_01_v3	555818	556219	intergenic
Pf3D7_01_v3	556749	557183	intergenic
Pf3D7_01_v3	557342	557623	intergenic
Pf3D7_01_v3	558096	558309	intergenic
Pf3D7_01_v3	558485	558894	PF3D7_0114500
Pf3D7_01_v3	559387	559769	intergenic
Pf3D7_01_v3	562504	562834	intergenic
Pf3D7_01_v3	563084	563532	intergenic
Pf3D7_01_v3	565649	565914	intergenic
Pf3D7_01_v3	568339	571077	PF3D7_0114800
Pf3D7_01_v3	571209	573018	PF3D7_0114900
Pf3D7_01_v3	573395	573632	intergenic
Pf3D7_01_v3	590028	590237	intergenic
Pf3D7_01_v3	593996	594241	PF3D7_0115300
Pf3D7_01_v3	596377	596777	intergenic
Pf3D7_01_v3	597070	597645	PF3D7_0115400
Pf3D7_01_v3	599582	599941	PF3D7_0115500
Pf3D7_01_v3	601791	602089	intergenic
Pf3D7_01_v3	615281	615587	intergenic
Pf3D7_02_v3	27597	29193	intergenic
Pf3D7_02_v3	29568	31285	intergenic
Pf3D7_02_v3	31932	32150	intergenic
Pf3D7_02_v3	32886	34159	intergenic
Pf3D7_02_v3	37955	38224	intergenic
Pf3D7_02_v3	42815	43070	PF3D7_0200500
Pf3D7_02_v3	47659	48215	intergenic
Pf3D7_02_v3	48382	48657	intergenic
Pf3D7_02_v3	55754	55986	intergenic
Pf3D7_02_v3	56165	56591	intergenic
Pf3D7_02_v3	56773	57141	intergenic
Pf3D7_02_v3	59184	59645	intergenic
Pf3D7_02_v3	61527	62244	PF3D7_0201200
Pf3D7_02_v3	64472	64851	intergenic
Pf3D7_02_v3	65170	65411	intergenic
Pf3D7_02_v3	66231	66467	PF3D7_0201300
Pf3D7_02_v3	67949	68387	PF3D7_0201400
Pf3D7_02_v3	68927	69345	PF3D7_0201400
Pf3D7_02_v3	629640	629842	intergenic
Pf3D7_02_v3	844979	845522	intergenic
Pf3D7_02_v3	846919	847433	PF3D7_0221000
Pf3D7_02_v3	847548	847995	PF3D7_0221000
Pf3D7_02_v3	849141	849814	intergenic
Pf3D7_02_v3	849919	850688	PF3D7_0221100
Pf3D7_02_v3	850843	851153	PF3D7_0221100
Pf3D7_02_v3	851342	851819	PF3D7_0221100
Pf3D7_02_v3	855491	855747	intergenic
Pf3D7_02_v3	856709	858212	intergenic
Pf3D7_02_v3	858727	858968	intergenic
Pf3D7_02_v3	863813	864242	PF3D7_0221500
Pf3D7_02_v3	864397	864957	intergenic
Pf3D7_02_v3	865481	869676	PF3D7_0221600
Pf3D7_02_v3	865481	869676	PF3D7_0221650
Pf3D7_02_v3	880565	880780	intergenic
Pf3D7_02_v3	895062	895315	PF3D7_0222700
Pf3D7_03_v3	57424	57664	intergenic
Pf3D7_03_v3	62794	63014	intergenic
Pf3D7_03_v3	65895	67389	PF3D7_0300900
Pf3D7_03_v3	69098	69420	intergenic
Pf3D7_03_v3	72196	72614	intergenic
Pf3D7_03_v3	72718	73202	intergenic
Pf3D7_03_v3	74899	75879	PF3D7_0301100
Pf3D7_03_v3	77547	77950	intergenic
Pf3D7_03_v3	125204	125561	intergenic
Pf3D7_03_v3	128679	132697	PF3D7_0302300
Pf3D7_03_v3	1010208	1010425	intergenic
Pf3D7_03_v3	1011743	1012003	PF3D7_0324300
Pf3D7_03_v3	1014084	1014318	intergenic
Pf3D7_03_v3	1014790	1015043	PF3D7_0324400
Pf3D7_03_v3	1020135	1020433	intergenic
Pf3D7_03_v3	1020770	1020996	intergenic
Pf3D7_03_v3	1024819	1025101	intergenic
Pf3D7_03_v3	1025315	1025738	intergenic
Pf3D7_03_v3	1026167	1026370	intergenic
Pf3D7_03_v3	1026849	1027328	PF3D7_0324800
Pf3D7_03_v3	1027429	1029079	PF3D7_0324800
Pf3D7_03_v3	1030664	1032402	intergenic
Pf3D7_03_v3	1032892	1034478	intergenic
Pf3D7_03_v3	1038398	1038777	intergenic
Pf3D7_04_v3	28183	28481	PF3D7_0400100
Pf3D7_04_v3	37477	37755	intergenic
Pf3D7_04_v3	57177	57536	intergenic
Pf3D7_04_v3	58558	58851	PF3D7_0400500
Pf3D7_04_v3	60085	60825	PF3D7_0400500
Pf3D7_04_v3	61346	61621	PF3D7_0400600
Pf3D7_04_v3	62014	62547	intergenic
Pf3D7_04_v3	62968	63822	intergenic
Pf3D7_04_v3	65475	65690	intergenic
Pf3D7_04_v3	68588	68892	intergenic
Pf3D7_04_v3	72153	72467	intergenic
Pf3D7_04_v3	72655	73165	intergenic
Pf3D7_04_v3	75103	75400	intergenic
Pf3D7_04_v3	84414	84655	PF3D7_0401400
Pf3D7_04_v3	86824	87206	intergenic
Pf3D7_04_v3	87444	88164	PF3D7_0401500
Pf3D7_04_v3	88340	88576	PF3D7_0401500
Pf3D7_04_v3	88817	89124	PF3D7_0401500
Pf3D7_04_v3	98445	101939	PF3D7_0401700
Pf3D7_04_v3	111327	111537	intergenic
Pf3D7_04_v3	111707	112393	intergenic
Pf3D7_04_v3	112985	116329	PF3D7_0402000
Pf3D7_04_v3	117091	119171	intergenic
Pf3D7_04_v3	119305	119845	intergenic
Pf3D7_04_v3	119982	121301	intergenic
Pf3D7_04_v3	121516	121996	intergenic
Pf3D7_04_v3	122322	122631	intergenic
Pf3D7_04_v3	123903	124571	intergenic
Pf3D7_04_v3	152604	152886	intergenic
Pf3D7_04_v3	153175	153929	intergenic
Pf3D7_04_v3	154658	154894	PF3D7_0402500
Pf3D7_04_v3	157072	157460	intergenic
Pf3D7_04_v3	157783	158213	intergenic
Pf3D7_04_v3	158602	159208	intergenic
Pf3D7_04_v3	161176	161934	intergenic
Pf3D7_04_v3	164298	165377	intergenic
Pf3D7_04_v3	166723	166932	PF3D7_0402800
Pf3D7_04_v3	546151	555096	PF3D7_0412400
Pf3D7_04_v3	555250	555869	intergenic
Pf3D7_04_v3	556017	558100	PF3D7_0412500
Pf3D7_04_v3	558554	559259	intergenic
Pf3D7_04_v3	559626	560130	intergenic
Pf3D7_04_v3	571153	571872	intergenic
Pf3D7_04_v3	572284	572500	PF3D7_0412800
Pf3D7_04_v3	582610	584771	PF3D7_0412900
Pf3D7_04_v3	600569	601285	intergenic
Pf3D7_04_v3	605455	605768	intergenic
Pf3D7_04_v3	606743	613518	PF3D7_0413300
Pf3D7_04_v3	606743	613518	PF3D7_0413400
Pf3D7_04_v3	968351	968706	intergenic
Pf3D7_04_v3	977121	977965	intergenic
Pf3D7_04_v3	978109	978543	intergenic
Pf3D7_04_v3	979415	979861	PF3D7_0421400
Pf3D7_04_v3	981409	981702	intergenic
Pf3D7_04_v3	983788	984165	intergenic
Pf3D7_04_v3	984577	984805	intergenic
Pf3D7_04_v3	985867	986126	PF3D7_0421600
Pf3D7_04_v3	1121243	1122907	intergenic
Pf3D7_04_v3	1123083	1126963	PF3D7_0424800
Pf3D7_04_v3	1123083	1126963	PF3D7_0424900
Pf3D7_04_v3	1127068	1129234	PF3D7_0424900
Pf3D7_04_v3	1131222	1131429	intergenic
Pf3D7_04_v3	1131764	1132754	intergenic
Pf3D7_04_v3	1133818	1134335	intergenic
Pf3D7_04_v3	1134957	1136392	PF3D7_0425100
Pf3D7_04_v3	1134957	1136392	PF3D7_0425200
Pf3D7_04_v3	1137767	1137975	intergenic
Pf3D7_04_v3	1138694	1139593	intergenic
Pf3D7_04_v3	1139712	1139969	intergenic
Pf3D7_04_v3	1140734	1141114	PF3D7_0425300
Pf3D7_04_v3	1142981	1143261	PF3D7_0425400
Pf3D7_04_v3	1143605	1143810	PF3D7_0425400
Pf3D7_04_v3	1145088	1145592	intergenic
Pf3D7_04_v3	1146184	1146531	intergenic
Pf3D7_04_v3	1155747	1156119	PF3D7_0425800
Pf3D7_04_v3	1164319	1166114	intergenic
Pf3D7_04_v3	1166323	1167887	intergenic
Pf3D7_04_v3	1168915	1170039	PF3D7_0425900
Pf3D7_04_v3	1170178	1171364	PF3D7_0425900
Pf3D7_04_v3	1172935	1174045	intergenic
Pf3D7_04_v3	1180621	1180935	intergenic
Pf3D7_05_v3	32641	32958	intergenic
Pf3D7_05_v3	35326	35721	intergenic
Pf3D7_05_v3	35880	36224	intergenic
Pf3D7_05_v3	38310	38589	intergenic
Pf3D7_05_v3	1318520	1318979	intergenic
Pf3D7_05_v3	1319145	1321382	PF3D7_0532600
Pf3D7_05_v3	1321799	1323270	PF3D7_0532700
Pf3D7_05_v3	1323965	1324170	intergenic
Pf3D7_05_v3	1325220	1325511	PF3D7_0532900
Pf3D7_05_v3	1327626	1329000	PF3D7_0533000
Pf3D7_05_v3	1329437	1329803	PF3D7_0533000
Pf3D7_05_v3	1330214	1331702	intergenic
Pf3D7_05_v3	1331843	1336120	PF3D7_0533100
Pf3D7_06_v3	1749	2067	intergenic
Pf3D7_06_v3	2660	3335	PF3D7_0600200
Pf3D7_06_v3	23007	23325	intergenic
Pf3D7_06_v3	23615	24083	intergenic
Pf3D7_06_v3	37608	37940	intergenic
Pf3D7_06_v3	38157	38581	intergenic
Pf3D7_06_v3	43592	43852	PF3D7_0601100
Pf3D7_06_v3	44433	44725	PF3D7_0601100
Pf3D7_06_v3	45708	46101	intergenic
Pf3D7_06_v3	46228	46447	intergenic
Pf3D7_06_v3	46837	47039	PF3D7_0601200
Pf3D7_06_v3	47629	48271	PF3D7_0601200
Pf3D7_06_v3	731915	732752	intergenic
Pf3D7_06_v3	732970	733291	intergenic
Pf3D7_06_v3	733401	733807	intergenic
Pf3D7_06_v3	734016	734284	intergenic
Pf3D7_06_v3	738404	742266	PF3D7_0617600
Pf3D7_06_v3	742445	742745	intergenic
Pf3D7_06_v3	743011	743867	intergenic
Pf3D7_06_v3	744029	744373	intergenic
Pf3D7_06_v3	1331082	1331553	intergenic
Pf3D7_06_v3	1331725	1332056	PF3D7_0631900
Pf3D7_06_v3	1332293	1332512	PF3D7_0631900
Pf3D7_06_v3	1335107	1335363	PF3D7_0632000
Pf3D7_06_v3	1337668	1338062	intergenic
Pf3D7_06_v3	1341011	1341211	intergenic
Pf3D7_06_v3	1346234	1346548	PF3D7_0632300
Pf3D7_06_v3	1348673	1349107	intergenic
Pf3D7_06_v3	1355963	1356249	intergenic
Pf3D7_06_v3	1357074	1366704	PF3D7_0632500
Pf3D7_06_v3	1366860	1367814	PF3D7_0632600
Pf3D7_07_v3	42264	42478	intergenic
Pf3D7_07_v3	53481	53754	intergenic
Pf3D7_07_v3	55418	56231	intergenic
Pf3D7_07_v3	69468	69694	intergenic
Pf3D7_07_v3	74535	75252	intergenic
Pf3D7_07_v3	75443	75852	intergenic
Pf3D7_07_v3	77782	78108	intergenic
Pf3D7_07_v3	81113	81451	intergenic
Pf3D7_07_v3	81574	82669	intergenic
Pf3D7_07_v3	82864	83145	PF3D7_0701900
Pf3D7_07_v3	509708	509948	intergenic
Pf3D7_07_v3	519891	520482	intergenic
Pf3D7_07_v3	520991	521207	intergenic
Pf3D7_07_v3	521747	521986	intergenic
Pf3D7_07_v3	522487	523099	PF3D7_0711800
Pf3D7_07_v3	524679	524970	intergenic
Pf3D7_07_v3	526097	526316	intergenic
Pf3D7_07_v3	535682	536107	intergenic
Pf3D7_07_v3	536238	536452	intergenic
Pf3D7_07_v3	537968	538465	PF3D7_0712100
Pf3D7_07_v3	539957	540181	intergenic
Pf3D7_07_v3	548715	550685	PF3D7_0712300
Pf3D7_07_v3	550897	551709	intergenic
Pf3D7_07_v3	551871	553612	intergenic
Pf3D7_07_v3	554053	555819	intergenic
Pf3D7_07_v3	559740	559995	intergenic
Pf3D7_07_v3	560130	560536	intergenic
Pf3D7_07_v3	560742	560979	intergenic
Pf3D7_07_v3	562556	562773	intergenic
Pf3D7_07_v3	565144	565443	intergenic
Pf3D7_07_v3	567831	568124	intergenic
Pf3D7_07_v3	568813	569031	intergenic
Pf3D7_07_v3	574835	575366	intergenic
Pf3D7_07_v3	575484	575695	intergenic
Pf3D7_07_v3	576135	576349	intergenic
Pf3D7_07_v3	577281	577851	PF3D7_0712700
Pf3D7_07_v3	578194	578396	intergenic
Pf3D7_07_v3	579193	579402	intergenic
Pf3D7_07_v3	598110	599178	intergenic
Pf3D7_07_v3	600017	600231	intergenic
Pf3D7_07_v3	600534	600791	intergenic
Pf3D7_07_v3	603698	604330	intergenic
Pf3D7_07_v3	604543	605416	PF3D7_0713100
Pf3D7_07_v3	605519	605747	PF3D7_0713100
Pf3D7_07_v3	606204	609910	PF3D7_0713200
Pf3D7_07_v3	606204	609910	PF3D7_0713300
Pf3D7_07_v3	1383674	1384002	intergenic
Pf3D7_07_v3	1384251	1384483	intergenic
Pf3D7_07_v3	1392896	1393394	intergenic
Pf3D7_07_v3	1394172	1394657	intergenic
Pf3D7_07_v3	1395035	1395271	intergenic
Pf3D7_07_v3	1395427	1395669	intergenic
Pf3D7_07_v3	1396016	1396413	intergenic
Pf3D7_07_v3	1398351	1398824	intergenic
Pf3D7_07_v3	1402286	1402567	intergenic
Pf3D7_07_v3	1404702	1405188	intergenic
Pf3D7_07_v3	1407636	1407905	PF3D7_0732700
Pf3D7_07_v3	1417644	1417846	intergenic
Pf3D7_08_v3	4181	4462	intergenic
Pf3D7_08_v3	4715	5186	intergenic
Pf3D7_08_v3	5353	5854	intergenic
Pf3D7_08_v3	6001	11311	intergenic
Pf3D7_08_v3	11625	12659	intergenic
Pf3D7_08_v3	13031	14059	intergenic
Pf3D7_08_v3	14535	14781	intergenic
Pf3D7_08_v3	15423	15974	intergenic
Pf3D7_08_v3	16460	16948	intergenic
Pf3D7_08_v3	17056	19297	intergenic
Pf3D7_08_v3	19442	19885	intergenic
Pf3D7_08_v3	20035	21025	PF3D7_0800100
Pf3D7_08_v3	21161	24937	PF3D7_0800100
Pf3D7_08_v3	33951	39517	PF3D7_0800200
Pf3D7_08_v3	39778	40087	PF3D7_0800300
Pf3D7_08_v3	40251	40595	PF3D7_0800300
Pf3D7_08_v3	40775	45286	PF3D7_0800300
Pf3D7_08_v3	59275	59508	intergenic
Pf3D7_08_v3	76549	78107	PF3D7_0800750
Pf3D7_08_v3	78290	81915	PF3D7_0800800
Pf3D7_08_v3	82105	84011	PF3D7_0800900
Pf3D7_08_v3	84485	84835	intergenic
Pf3D7_08_v3	427777	428071	intergenic
Pf3D7_08_v3	429325	429530	intergenic
Pf3D7_08_v3	430238	430715	PF3D7_0808600
Pf3D7_08_v3	439969	440172	PF3D7_0808700
Pf3D7_08_v3	448094	448780	intergenic
Pf3D7_08_v3	449427	449813	PF3D7_0808800
Pf3D7_08_v3	451943	452382	intergenic
Pf3D7_08_v3	452655	452869	PF3D7_0808900
Pf3D7_08_v3	453274	457208	PF3D7_0808900
Pf3D7_08_v3	453274	457208	PF3D7_0809000
Pf3D7_08_v3	457603	463429	PF3D7_0809100
Pf3D7_08_v3	1311975	1312231	intergenic
Pf3D7_09_v3	27025	27422	intergenic
Pf3D7_09_v3	30073	30927	intergenic
Pf3D7_09_v3	31521	31759	intergenic
Pf3D7_09_v3	32376	32619	intergenic
Pf3D7_09_v3	33557	34469	intergenic
Pf3D7_09_v3	35576	35810	intergenic
Pf3D7_09_v3	38750	38954	PF3D7_0900400
Pf3D7_09_v3	44826	45093	intergenic
Pf3D7_09_v3	45514	45759	intergenic
Pf3D7_09_v3	50791	51073	PF3D7_0900700
Pf3D7_09_v3	57037	57932	intergenic
Pf3D7_09_v3	65670	65899	intergenic
Pf3D7_09_v3	68671	68915	intergenic
Pf3D7_09_v3	69587	69793	PF3D7_0901400
Pf3D7_09_v3	70250	70473	PF3D7_0901400
Pf3D7_09_v3	72456	72734	intergenic
Pf3D7_09_v3	73305	73680	PF3D7_0901500
Pf3D7_09_v3	75884	76164	intergenic
Pf3D7_09_v3	76474	76843	intergenic
Pf3D7_09_v3	76976	77524	PF3D7_0901600
Pf3D7_09_v3	1447921	1448207	intergenic
Pf3D7_09_v3	1449590	1449952	intergenic
Pf3D7_09_v3	1450386	1450863	intergenic
Pf3D7_09_v3	1450964	1451527	intergenic
Pf3D7_09_v3	1451994	1452218	intergenic
Pf3D7_09_v3	1452543	1452968	intergenic
Pf3D7_09_v3	1453108	1453591	PF3D7_0936700
Pf3D7_09_v3	1453796	1454380	PF3D7_0936700
Pf3D7_09_v3	1454735	1455665	PF3D7_0936700
Pf3D7_09_v3	1461224	1461510	PF3D7_0936900
Pf3D7_09_v3	1470725	1471054	PF3D7_0937200
Pf3D7_09_v3	1471257	1471512	PF3D7_0937200
Pf3D7_09_v3	1472905	1473244	intergenic
Pf3D7_09_v3	1475714	1476013	intergenic
Pf3D7_09_v3	1476469	1476677	PF3D7_0937400
Pf3D7_09_v3	1484713	1485184	PF3D7_0937600
Pf3D7_09_v3	1485452	1485867	PF3D7_0937600
Pf3D7_09_v3	1489378	1490012	intergenic
Pf3D7_09_v3	1490806	1491065	intergenic
Pf3D7_09_v3	1492546	1493416	PF3D7_0937700
Pf3D7_10_v3	41421	41668	intergenic
Pf3D7_10_v3	47009	47278	intergenic
Pf3D7_10_v3	49875	51279	intergenic
Pf3D7_10_v3	56740	57214	PF3D7_1000800
Pf3D7_10_v3	66771	66996	intergenic
Pf3D7_10_v3	1429433	1429828	intergenic
Pf3D7_10_v3	1430681	1430945	intergenic
Pf3D7_10_v3	1434780	1435199	intergenic
Pf3D7_10_v3	1570712	1571529	intergenic
Pf3D7_10_v3	1571660	1571980	intergenic
Pf3D7_10_v3	1574932	1575552	intergenic
Pf3D7_10_v3	1575677	1576143	intergenic
Pf3D7_10_v3	1592768	1593879	intergenic
Pf3D7_10_v3	1604177	1604928	intergenic
Pf3D7_10_v3	1613832	1614716	intergenic
Pf3D7_10_v3	1615579	1615962	PF3D7_1040500
Pf3D7_10_v3	1617936	1618310	PF3D7_1040600
Pf3D7_10_v3	1620390	1621431	PF3D7_1040700
Pf3D7_10_v3	1621599	1621953	PF3D7_1040700
Pf3D7_10_v3	1623709	1624149	intergenic
Pf3D7_10_v3	1626932	1627349	intergenic
Pf3D7_10_v3	1627585	1627871	intergenic
Pf3D7_10_v3	1631070	1631323	intergenic
Pf3D7_10_v3	1637066	1637310	intergenic
Pf3D7_10_v3	1639754	1640624	intergenic
Pf3D7_10_v3	1641230	1641568	intergenic
Pf3D7_10_v3	1642284	1643916	intergenic
Pf3D7_10_v3	1644431	1645941	intergenic
Pf3D7_10_v3	1650232	1650626	intergenic
Pf3D7_11_v3	5442	5656	intergenic
Pf3D7_11_v3	6202	10405	intergenic
Pf3D7_11_v3	20294	20548	intergenic
Pf3D7_11_v3	21105	21456	intergenic
Pf3D7_11_v3	21587	22128	intergenic
Pf3D7_11_v3	22568	26509	PF3D7_1100100
Pf3D7_11_v3	43190	43606	intergenic
Pf3D7_11_v3	46279	46538	intergenic
Pf3D7_11_v3	51941	54521	PF3D7_1100500
Pf3D7_11_v3	54792	55376	PF3D7_1100600
Pf3D7_11_v3	55805	57888	PF3D7_1100700
Pf3D7_11_v3	59284	59604	PF3D7_1100800
Pf3D7_11_v3	60648	60849	intergenic
Pf3D7_11_v3	64698	64920	PF3D7_1101000
Pf3D7_11_v3	72066	72372	intergenic
Pf3D7_11_v3	75384	75762	intergenic
Pf3D7_11_v3	76397	76603	intergenic
Pf3D7_11_v3	78750	78963	intergenic
Pf3D7_11_v3	84962	85230	PF3D7_1101700
Pf3D7_11_v3	105179	105419	intergenic
Pf3D7_11_v3	107729	107959	intergenic
Pf3D7_11_v3	109206	109453	intergenic
Pf3D7_11_v3	1839797	1841412	intergenic
Pf3D7_11_v3	1841574	1849070	PF3D7_1146700
Pf3D7_11_v3	1849176	1849520	intergenic
Pf3D7_11_v3	1983686	1984074	intergenic
Pf3D7_11_v3	1984649	1988107	PF3D7_1149400
Pf3D7_11_v3	1988298	1990186	intergenic
Pf3D7_11_v3	1994726	1995269	intergenic
Pf3D7_11_v3	1995999	1996325	intergenic
Pf3D7_11_v3	2008115	2008318	intergenic
Pf3D7_11_v3	2008590	2008928	PF3D7_1149900
Pf3D7_11_v3	2014451	2014857	intergenic
Pf3D7_11_v3	2018355	2018618	intergenic
Pf3D7_11_v3	2020689	2020896	intergenic
Pf3D7_11_v3	2025155	2025399	PF3D7_1150400
Pf3D7_11_v3	2035962	2036177	intergenic
Pf3D7_12_v3	765308	765626	intergenic
Pf3D7_12_v3	774405	774748	intergenic
Pf3D7_12_v3	780230	780819	intergenic
Pf3D7_12_v3	781341	781584	intergenic
Pf3D7_12_v3	781747	782281	intergenic
Pf3D7_12_v3	782711	783123	PF3D7_1219500
Pf3D7_12_v3	825729	829212	PF3D7_1220700
Pf3D7_12_v3	903609	905594	intergenic
Pf3D7_12_v3	905729	906255	PF3D7_1222600
Pf3D7_12_v3	912881	914956	intergenic
Pf3D7_12_v3	915067	915459	intergenic
Pf3D7_12_v3	1692209	1692597	intergenic
Pf3D7_12_v3	1692931	1693217	PF3D7_1240300
Pf3D7_12_v3	1702352	1704094	PF3D7_1240400
Pf3D7_12_v3	1704238	1705425	PF3D7_1240400
Pf3D7_12_v3	1709150	1709577	intergenic
Pf3D7_12_v3	1709720	1710080	intergenic
Pf3D7_12_v3	1710677	1711338	intergenic
Pf3D7_12_v3	1712837	1713087	intergenic
Pf3D7_12_v3	1713883	1714195	intergenic
Pf3D7_12_v3	1714389	1714686	intergenic
Pf3D7_12_v3	1715552	1715785	intergenic
Pf3D7_12_v3	1716049	1716547	intergenic
Pf3D7_12_v3	1717453	1717763	intergenic
Pf3D7_12_v3	1718002	1718954	PF3D7_1240600
Pf3D7_12_v3	1727951	1728158	PF3D7_1240700
Pf3D7_12_v3	1730131	1730403	intergenic
Pf3D7_12_v3	1732065	1732385	intergenic
Pf3D7_12_v3	1733902	1735019	PF3D7_1240900
Pf3D7_12_v3	2162582	2163282	PF3D7_1252900
Pf3D7_12_v3	2163461	2166067	intergenic
Pf3D7_12_v3	2166184	2169209	PF3D7_1253000
Pf3D7_12_v3	2183512	2183734	intergenic
Pf3D7_12_v3	2183875	2184117	intergenic
Pf3D7_12_v3	2185559	2185785	intergenic
Pf3D7_12_v3	2186024	2187164	intergenic
Pf3D7_12_v3	2189789	2189997	intergenic
Pf3D7_12_v3	2192606	2192937	intergenic
Pf3D7_12_v3	2194597	2194901	intergenic
Pf3D7_12_v3	2195055	2195375	PF3D7_1253800
Pf3D7_12_v3	2203564	2203818	PF3D7_1254100
Pf3D7_12_v3	2206714	2207061	PF3D7_1254200
Pf3D7_12_v3	2210217	2210493	intergenic
Pf3D7_12_v3	2214374	2214614	PF3D7_1254400
Pf3D7_12_v3	2217176	2217450	intergenic
Pf3D7_12_v3	2217603	2217854	PF3D7_1254500
Pf3D7_12_v3	2219681	2220027	intergenic
Pf3D7_12_v3	2220483	2220727	intergenic
Pf3D7_12_v3	2227150	2228372	intergenic
Pf3D7_12_v3	2236097	2236322	intergenic
Pf3D7_13_v3	28486	28817	intergenic
Pf3D7_13_v3	30100	30345	intergenic
Pf3D7_13_v3	30881	31539	intergenic
Pf3D7_13_v3	31734	31951	PF3D7_1300200
Pf3D7_13_v3	32713	33096	intergenic
Pf3D7_13_v3	33247	34840	intergenic
Pf3D7_13_v3	34972	35429	intergenic
Pf3D7_13_v3	44990	45205	intergenic
Pf3D7_13_v3	45792	46090	intergenic
Pf3D7_13_v3	46544	46857	PF3D7_1300400
Pf3D7_13_v3	48839	49070	intergenic
Pf3D7_13_v3	49731	49966	PF3D7_1300500
Pf3D7_13_v3	50489	50780	PF3D7_1300500
Pf3D7_13_v3	70042	70613	intergenic
Pf3D7_13_v3	73494	74502	PF3D7_1301200
Pf3D7_13_v3	74714	75010	intergenic
Pf3D7_13_v3	75517	76335	intergenic
Pf3D7_13_v3	76640	78121	intergenic
Pf3D7_13_v3	78698	79221	intergenic
Pf3D7_13_v3	118293	122772	PF3D7_1302100
Pf3D7_13_v3	123298	124393	intergenic
Pf3D7_13_v3	2824163	2825584	intergenic
Pf3D7_13_v3	2825961	2826707	intergenic
Pf3D7_13_v3	2826849	2827237	intergenic
Pf3D7_13_v3	2827367	2827956	intergenic
Pf3D7_13_v3	2828117	2829161	PF3D7_1371900
Pf3D7_13_v3	2830238	2830685	PF3D7_1371900
Pf3D7_13_v3	2832136	2832390	PF3D7_1372000
Pf3D7_13_v3	2833169	2835256	PF3D7_1372000
Pf3D7_13_v3	2839498	2839701	intergenic
Pf3D7_13_v3	2839890	2840218	intergenic
Pf3D7_13_v3	2840869	2841481	intergenic
Pf3D7_13_v3	2846144	2846531	PF3D7_1372300
Pf3D7_13_v3	2850465	2850809	PF3D7_1372400
Pf3D7_13_v3	2850961	2851227	PF3D7_1372400
Pf3D7_13_v3	2852532	2853967	intergenic
Pf3D7_13_v3	2856735	2857193	PF3D7_1372600
Pf3D7_13_v3	2861723	2862041	intergenic
Pf3D7_13_v3	2862560	2862801	intergenic
Pf3D7_13_v3	2870301	2870613	intergenic
Pf3D7_13_v3	2876782	2877131	PF3D7_1373300
Pf3D7_13_v3	2879495	2879710	intergenic
Pf3D7_13_v3	2887094	2887313	intergenic
Pf3D7_13_v3	2887800	2888026	intergenic
Pf3D7_13_v3	2888552	2889052	intergenic
Pf3D7_13_v3	2889170	2892575	PF3D7_1373500
Pf3D7_13_v3	2892702	2894233	intergenic
Pf3D7_13_v3	2911947	2915369	intergenic
Pf3D7_14_v3	10411	10886	intergenic
Pf3D7_14_v3	16315	16708	intergenic
Pf3D7_14_v3	16915	17395	intergenic
Pf3D7_14_v3	20369	20585	intergenic
Pf3D7_14_v3	26261	26490	intergenic
Pf3D7_14_v3	26786	27203	intergenic
Pf3D7_14_v3	29227	29431	intergenic
Pf3D7_14_v3	31646	32236	intergenic
Pf3D7_14_v3	33053	33475	intergenic
Pf3D7_14_v3	36431	36993	intergenic
Pf3D7_14_v3	37513	37998	intergenic
Pf3D7_14_v3	38204	38713	PF3D7_1401050
Pf3D7_14_v3	40485	40710	intergenic
Pf3D7_14_v3	943564	943815	intergenic
Pf3D7_14_v3	943919	944254	intergenic
Pf3D7_14_v3	994873	1001571	PF3D7_1425600
Pf3D7_14_v3	3088195	3104619	intergenic
Pf3D7_14_v3	3104720	3105811	PF3D7_1475400
Pf3D7_14_v3	3105960	3111839	PF3D7_1475500
Pf3D7_14_v3	3148649	3149147	intergenic
Pf3D7_14_v3	3150448	3150656	intergenic
Pf3D7_14_v3	3163563	3163876	intergenic
Pf3D7_14_v3	3164214	3164440	intergenic
Pf3D7_14_v3	3164617	3166555	intergenic
Pf3D7_14_v3	3166713	3167855	PF3D7_1477000
Pf3D7_14_v3	3168121	3168406	PF3D7_1477000
Pf3D7_14_v3	3171730	3171960	intergenic
Pf3D7_14_v3	3173945	3174293	intergenic
Pf3D7_14_v3	3174644	3175244	PF3D7_1477200
Pf3D7_14_v3	3176520	3176772	intergenic
Pf3D7_14_v3	3176909	3177228	intergenic
Pf3D7_14_v3	3177334	3177619	intergenic
Pf3D7_14_v3	3177820	3178416	intergenic
Pf3D7_14_v3	3181880	3182117	intergenic
Pf3D7_14_v3	3182332	3182549	PF3D7_1477400
Pf3D7_14_v3	3200562	3201006	intergenic
Pf3D7_14_v3	3201281	3201503	intergenic
Pf3D7_14_v3	3201640	3202285	PF3D7_1477700
Pf3D7_14_v3	3203021	3205538	PF3D7_1477700
Pf3D7_14_v3	3205667	3212747	PF3D7_1477800
Pf3D7_14_v3	3205667	3212747	PF3D7_1477900
Pf3D7_14_v3	3205667	3212747	PF3D7_1478000
Pf3D7_14_v3	3212872	3215679	PF3D7_1478000
Pf3D7_14_v3	3215784	3216255	intergenic
Pf3D7_14_v3	3216402	3216693	intergenic
Pf3D7_14_v3	3219893	3220177	intergenic
Pf3D7_14_v3	3221847	3222102	intergenic
Pf3D7_14_v3	3222708	3223223	intergenic
Pf3D7_14_v3	3225092	3225840	intergenic
Pf3D7_14_v3	3228250	3228570	PF3D7_1478500
Pf3D7_14_v3	3237820	3238157	intergenic
Pf3D7_14_v3	3241117	3241603	intergenic
Pf3D7_14_v3	3242487	3242699	intergenic
Pf3D7_14_v3	3242844	3243239	intergenic
Pf3D7_14_v3	3247435	3247669	PF3D7_1478900
Pf3D7_14_v3	3252683	3252907	intergenic
Pf3D7_14_v3	3253425	3253891	PF3D7_1479000
Pf3D7_14_v3	3261875	3262078	intergenic
Pf3D7_14_v3	3271591	3271800	PF3D7_1479600
Pf3D7_14_v3	3278383	3278619	PF3D7_1479800
Pf3D7_14_v3	3280928	3281206	intergenic
Pf3D7_14_v3	3281425	3281820	PF3D7_1479900
Pf3D7_14_v3	3284870	3285284	PF3D7_1480000
Pf3D7_14_v3	3286344	3291610	PF3D7_1480000
Pf3D7_14_v3	3286344	3291610	PF3D7_1480100
