Pf3D7_01_v3	22	27413	intergenic
Pf3D7_01_v3	27593	28595	PF3D7_0100100
Pf3D7_01_v3	29302	33715	PF3D7_0100100
Pf3D7_01_v3	34440	34971	intergenic
Pf3D7_01_v3	35721	36771	intergenic
Pf3D7_01_v3	38926	40075	intergenic
Pf3D7_01_v3	42378	42656	intergenic
Pf3D7_01_v3	42868	43267	intergenic
Pf3D7_01_v3	48681	48882	intergenic
Pf3D7_01_v3	49941	50203	PF3D7_0100400
Pf3D7_01_v3	50609	51236	PF3D7_0100400
Pf3D7_01_v3	51340	51708	intergenic
Pf3D7_01_v3	53116	53342	PF3D7_0100500
Pf3D7_01_v3	53914	55016	PF3D7_0100600
Pf3D7_01_v3	56732	57150	PF3D7_0100700
Pf3D7_01_v3	58339	58566	intergenic
Pf3D7_01_v3	59128	59455	PF3D7_0100800
Pf3D7_01_v3	59889	61045	PF3D7_0100800
Pf3D7_01_v3	61983	63470	PF3D7_0100900
Pf3D7_01_v3	64756	65239	intergenic
Pf3D7_01_v3	65522	67083	PF3D7_0101000
Pf3D7_01_v3	71567	71791	PF3D7_0101200
Pf3D7_01_v3	74606	75412	PF3D7_0101300
Pf3D7_01_v3	76119	76522	intergenic
Pf3D7_01_v3	78426	78642	PF3D7_0101500
Pf3D7_01_v3	82483	82806	intergenic
Pf3D7_01_v3	84438	84929	intergenic
Pf3D7_01_v3	85806	86092	intergenic
Pf3D7_01_v3	87138	87981	intergenic
Pf3D7_01_v3	88153	88355	PF3D7_0101800
Pf3D7_01_v3	90217	91647	PF3D7_0101900
Pf3D7_01_v3	91824	92167	intergenic
Pf3D7_01_v3	92723	93858	intergenic
Pf3D7_01_v3	94659	95904	PF3D7_0102100
Pf3D7_01_v3	527047	527258	PF3D7_0113800
Pf3D7_01_v3	527441	527858	PF3D7_0113800
Pf3D7_01_v3	527997	528747	intergenic
Pf3D7_01_v3	528912	529985	intergenic
Pf3D7_01_v3	530300	530951	intergenic
Pf3D7_01_v3	531070	531470	intergenic
Pf3D7_01_v3	531876	534560	intergenic
Pf3D7_01_v3	534662	535691	intergenic
Pf3D7_01_v3	544071	546703	intergenic
Pf3D7_01_v3	547529	548192	intergenic
Pf3D7_01_v3	550132	550411	intergenic
Pf3D7_01_v3	550596	551983	PF3D7_0114200
Pf3D7_01_v3	550596	551983	PF3D7_0114300
Pf3D7_01_v3	552761	553885	PF3D7_0114300
Pf3D7_01_v3	554061	555411	intergenic
Pf3D7_01_v3	556128	556677	intergenic
Pf3D7_01_v3	558231	558465	intergenic
Pf3D7_01_v3	559959	561370	intergenic
Pf3D7_01_v3	561929	562307	intergenic
Pf3D7_01_v3	562728	563068	intergenic
Pf3D7_01_v3	563502	565605	PF3D7_0114700
Pf3D7_01_v3	566377	566852	intergenic
Pf3D7_01_v3	567113	568002	intergenic
Pf3D7_01_v3	568837	569181	intergenic
Pf3D7_01_v3	569615	570044	intergenic
Pf3D7_01_v3	570558	570961	intergenic
Pf3D7_01_v3	572161	572611	intergenic
Pf3D7_01_v3	573344	573589	intergenic
Pf3D7_01_v3	573723	573957	intergenic
Pf3D7_01_v3	574231	574980	intergenic
Pf3D7_01_v3	575494	575704	intergenic
Pf3D7_01_v3	576489	576962	PF3D7_0115000
Pf3D7_01_v3	577722	578038	PF3D7_0115000
Pf3D7_01_v3	578386	580749	intergenic
Pf3D7_01_v3	580941	581397	intergenic
Pf3D7_01_v3	581827	582171	intergenic
Pf3D7_01_v3	582593	582840	intergenic
Pf3D7_01_v3	589732	589991	intergenic
Pf3D7_01_v3	591206	591518	PF3D7_0115200
Pf3D7_01_v3	591624	591831	PF3D7_0115200
Pf3D7_01_v3	592124	593970	PF3D7_0115200
Pf3D7_01_v3	594306	596324	PF3D7_0115300
Pf3D7_01_v3	596849	597079	intergenic
Pf3D7_01_v3	597523	598023	PF3D7_0115400
Pf3D7_01_v3	598357	599590	PF3D7_0115400
Pf3D7_01_v3	599765	600432	PF3D7_0115500
Pf3D7_01_v3	600556	601194	PF3D7_0115500
Pf3D7_01_v3	601372	602086	intergenic
Pf3D7_01_v3	603601	603835	PF3D7_0115600
Pf3D7_01_v3	604069	604586	PF3D7_0115600
Pf3D7_01_v3	611186	612160	intergenic
Pf3D7_01_v3	612399	615157	PF3D7_0115700
Pf3D7_01_v3	615903	616856	intergenic
Pf3D7_01_v3	617142	621451	intergenic
Pf3D7_01_v3	622991	623260	intergenic
Pf3D7_01_v3	623366	625519	intergenic
Pf3D7_01_v3	627031	640519	intergenic
Pf3D7_02_v3	826	24832	PF3D7_0200100
Pf3D7_02_v3	25008	28256	PF3D7_0200100
Pf3D7_02_v3	28911	29170	intergenic
Pf3D7_02_v3	30027	31188	intergenic
Pf3D7_02_v3	32971	34516	PF3D7_0200200
Pf3D7_02_v3	36448	37200	intergenic
Pf3D7_02_v3	37341	39357	PF3D7_0200400
Pf3D7_02_v3	40048	40265	intergenic
Pf3D7_02_v3	41433	42718	intergenic
Pf3D7_02_v3	43177	43655	intergenic
Pf3D7_02_v3	44138	44748	intergenic
Pf3D7_02_v3	45050	47556	PF3D7_0200600
Pf3D7_02_v3	48796	49947	intergenic
Pf3D7_02_v3	50442	50661	intergenic
Pf3D7_02_v3	51625	52088	intergenic
Pf3D7_02_v3	52740	53064	PF3D7_0200800
Pf3D7_02_v3	54196	55195	intergenic
Pf3D7_02_v3	57257	59114	PF3D7_0201000
Pf3D7_02_v3	59678	60530	PF3D7_0201100
Pf3D7_02_v3	60638	61532	intergenic
Pf3D7_02_v3	62644	62847	PF3D7_0201200
Pf3D7_02_v3	63100	64462	PF3D7_0201200
Pf3D7_02_v3	64706	65067	intergenic
Pf3D7_02_v3	65673	66033	PF3D7_0201300
Pf3D7_02_v3	66512	67658	PF3D7_0201300
Pf3D7_02_v3	69391	69959	PF3D7_0201400
Pf3D7_02_v3	70210	70535	intergenic
Pf3D7_02_v3	71010	71961	intergenic
Pf3D7_02_v3	630738	630998	intergenic
Pf3D7_02_v3	842300	842523	intergenic
Pf3D7_02_v3	842683	844146	intergenic
Pf3D7_02_v3	844324	844569	intergenic
Pf3D7_02_v3	844709	844931	intergenic
Pf3D7_02_v3	845694	846067	intergenic
Pf3D7_02_v3	846469	846767	intergenic
Pf3D7_02_v3	848394	849126	PF3D7_0221000
Pf3D7_02_v3	849818	850074	PF3D7_0221100
Pf3D7_02_v3	851120	851860	PF3D7_0221100
Pf3D7_02_v3	857407	858661	intergenic
Pf3D7_02_v3	859049	859271	intergenic
Pf3D7_02_v3	860297	861590	PF3D7_0221400
Pf3D7_02_v3	861780	862845	intergenic
Pf3D7_02_v3	863024	863790	intergenic
Pf3D7_02_v3	865337	867241	PF3D7_0221600
Pf3D7_02_v3	865337	867241	PF3D7_0221650
Pf3D7_02_v3	868056	868292	intergenic
Pf3D7_02_v3	869200	871224	PF3D7_0221700
Pf3D7_02_v3	871373	871609	intergenic
Pf3D7_02_v3	871712	874446	PF3D7_0221800
Pf3D7_02_v3	874922	875133	intergenic
Pf3D7_02_v3	875442	875710	intergenic
Pf3D7_02_v3	877700	877967	intergenic
Pf3D7_02_v3	878413	878920	intergenic
Pf3D7_02_v3	884015	884352	intergenic
Pf3D7_02_v3	886666	887477	PF3D7_0222400
Pf3D7_02_v3	889862	890824	PF3D7_0222500
Pf3D7_02_v3	892682	892940	PF3D7_0222600
Pf3D7_02_v3	893071	894403	PF3D7_0222600
Pf3D7_02_v3	895681	897553	PF3D7_0222700
Pf3D7_02_v3	898539	899093	PF3D7_0222800
Pf3D7_02_v3	899484	900565	PF3D7_0222800
Pf3D7_02_v3	899484	900565	PF3D7_0222900
Pf3D7_02_v3	901553	902682	PF3D7_0222900
Pf3D7_02_v3	903476	903715	PF3D7_0223100
Pf3D7_02_v3	904673	905850	PF3D7_0223100
Pf3D7_02_v3	907074	908999	PF3D7_0223200
Pf3D7_02_v3	907074	908999	PF3D7_0223300
Pf3D7_02_v3	909726	910402	PF3D7_0223300
Pf3D7_02_v3	913450	913683	PF3D7_0223400
Pf3D7_02_v3	919497	919891	intergenic
Pf3D7_02_v3	920054	920798	intergenic
Pf3D7_02_v3	920994	923906	PF3D7_0223500
Pf3D7_02_v3	924484	925551	intergenic
Pf3D7_02_v3	925723	938791	intergenic
Pf3D7_02_v3	938932	946772	intergenic
Pf3D7_03_v3	3564	6931	intergenic
Pf3D7_03_v3	7048	34851	intergenic
Pf3D7_03_v3	35055	36527	PF3D7_0300100
Pf3D7_03_v3	36739	41564	PF3D7_0300100
Pf3D7_03_v3	41720	41991	intergenic
Pf3D7_03_v3	42147	42444	intergenic
Pf3D7_03_v3	43214	44275	intergenic
Pf3D7_03_v3	46377	47340	intergenic
Pf3D7_03_v3	49774	50386	intergenic
Pf3D7_03_v3	52220	52489	intergenic
Pf3D7_03_v3	52599	53174	intergenic
Pf3D7_03_v3	54172	54407	intergenic
Pf3D7_03_v3	55288	57012	PF3D7_0300500
Pf3D7_03_v3	60881	61512	PF3D7_0300700
Pf3D7_03_v3	61651	61851	PF3D7_0300700
Pf3D7_03_v3	64568	64787	PF3D7_0300800
Pf3D7_03_v3	69896	72111	PF3D7_0301000
Pf3D7_03_v3	76023	76523	PF3D7_0301100
Pf3D7_03_v3	76717	77458	PF3D7_0301100
Pf3D7_03_v3	78157	79101	intergenic
Pf3D7_03_v3	79270	79492	intergenic
Pf3D7_03_v3	118915	119178	PF3D7_0302200
Pf3D7_03_v3	119306	120215	PF3D7_0302200
Pf3D7_03_v3	120480	120892	intergenic
Pf3D7_03_v3	121024	121375	intergenic
Pf3D7_03_v3	121839	122598	intergenic
Pf3D7_03_v3	122702	122953	intergenic
Pf3D7_03_v3	123765	124118	intergenic
Pf3D7_03_v3	124361	124913	intergenic
Pf3D7_03_v3	125694	126180	intergenic
Pf3D7_03_v3	126487	126897	intergenic
Pf3D7_03_v3	127788	128215	intergenic
Pf3D7_03_v3	135563	135765	PF3D7_0302500
Pf3D7_03_v3	137063	137378	intergenic
Pf3D7_03_v3	137719	137926	intergenic
Pf3D7_03_v3	139700	140063	intergenic
Pf3D7_03_v3	140487	140700	PF3D7_0302600
Pf3D7_03_v3	848241	857514	PF3D7_0320400
Pf3D7_03_v3	1002696	1003319	intergenic
Pf3D7_03_v3	1003437	1003644	intergenic
Pf3D7_03_v3	1003902	1004535	PF3D7_0323900
Pf3D7_03_v3	1007277	1007685	intergenic
Pf3D7_03_v3	1007835	1008114	intergenic
Pf3D7_03_v3	1015860	1017053	PF3D7_0324400
Pf3D7_03_v3	1017323	1017705	intergenic
Pf3D7_03_v3	1018232	1018649	PF3D7_0324500
Pf3D7_03_v3	1018975	1019905	PF3D7_0324500
Pf3D7_03_v3	1020528	1020746	intergenic
Pf3D7_03_v3	1021031	1021277	PF3D7_0324600
Pf3D7_03_v3	1022464	1023295	PF3D7_0324600
Pf3D7_03_v3	1022464	1023295	PF3D7_0324700
Pf3D7_03_v3	1024419	1024708	PF3D7_0324700
Pf3D7_03_v3	1024818	1025211	intergenic
Pf3D7_03_v3	1026864	1027335	PF3D7_0324800
Pf3D7_03_v3	1027458	1028557	PF3D7_0324800
Pf3D7_03_v3	1028733	1028979	intergenic
Pf3D7_03_v3	1030822	1031830	intergenic
Pf3D7_03_v3	1032937	1033192	intergenic
Pf3D7_03_v3	1033735	1035451	intergenic
Pf3D7_03_v3	1036182	1038327	PF3D7_0324900
Pf3D7_03_v3	1039017	1040268	intergenic
Pf3D7_03_v3	1040460	1063347	intergenic
Pf3D7_04_v3	102	362	intergenic
Pf3D7_04_v3	2766	3034	intergenic
Pf3D7_04_v3	4961	7628	intergenic
Pf3D7_04_v3	7983	17992	intergenic
Pf3D7_04_v3	18827	21201	intergenic
Pf3D7_04_v3	21350	26588	intergenic
Pf3D7_04_v3	26791	27755	PF3D7_0400100
Pf3D7_04_v3	28488	30148	PF3D7_0400100
Pf3D7_04_v3	30307	34573	intergenic
Pf3D7_04_v3	34812	35375	intergenic
Pf3D7_04_v3	36527	36827	intergenic
Pf3D7_04_v3	37020	37712	intergenic
Pf3D7_04_v3	38755	39432	PF3D7_0400200
Pf3D7_04_v3	39567	39893	intergenic
Pf3D7_04_v3	42076	42276	intergenic
Pf3D7_04_v3	42546	43207	intergenic
Pf3D7_04_v3	45548	46993	intergenic
Pf3D7_04_v3	47435	50842	intergenic
Pf3D7_04_v3	51044	52227	intergenic
Pf3D7_04_v3	52332	57105	PF3D7_0400400
Pf3D7_04_v3	57580	57886	intergenic
Pf3D7_04_v3	59734	61036	PF3D7_0400500
Pf3D7_04_v3	59734	61036	PF3D7_0400600
Pf3D7_04_v3	61355	61572	PF3D7_0400600
Pf3D7_04_v3	63025	64258	intergenic
Pf3D7_04_v3	65089	65543	intergenic
Pf3D7_04_v3	65738	66055	intergenic
Pf3D7_04_v3	66398	67851	PF3D7_0400800
Pf3D7_04_v3	69238	71292	PF3D7_0400900
Pf3D7_04_v3	71421	71701	intergenic
Pf3D7_04_v3	73133	74878	PF3D7_0401000
Pf3D7_04_v3	76554	76793	intergenic
Pf3D7_04_v3	78617	78896	PF3D7_0401200
Pf3D7_04_v3	79304	80553	PF3D7_0401200
Pf3D7_04_v3	80857	81245	intergenic
Pf3D7_04_v3	81668	81919	PF3D7_0401300
Pf3D7_04_v3	82420	83659	PF3D7_0401300
Pf3D7_04_v3	83908	84427	PF3D7_0401400
Pf3D7_04_v3	84667	85083	PF3D7_0401400
Pf3D7_04_v3	85407	86809	PF3D7_0401400
Pf3D7_04_v3	87206	87721	intergenic
Pf3D7_04_v3	88084	88330	PF3D7_0401500
Pf3D7_04_v3	89080	89394	PF3D7_0401500
Pf3D7_04_v3	109249	111308	PF3D7_0401900
Pf3D7_04_v3	120655	120875	intergenic
Pf3D7_04_v3	123681	124364	intergenic
Pf3D7_04_v3	130132	130379	intergenic
Pf3D7_04_v3	150749	151039	intergenic
Pf3D7_04_v3	151162	152358	intergenic
Pf3D7_04_v3	155119	155439	PF3D7_0402500
Pf3D7_04_v3	155810	157044	PF3D7_0402500
Pf3D7_04_v3	157478	157736	intergenic
Pf3D7_04_v3	158276	158580	intergenic
Pf3D7_04_v3	159274	160105	intergenic
Pf3D7_04_v3	162392	163441	intergenic
Pf3D7_04_v3	165418	165732	intergenic
Pf3D7_04_v3	166969	169812	PF3D7_0402800
Pf3D7_04_v3	169942	170279	intergenic
Pf3D7_04_v3	170536	171532	intergenic
Pf3D7_04_v3	582633	583050	intergenic
Pf3D7_04_v3	584075	584725	PF3D7_0412900
Pf3D7_04_v3	597727	598400	intergenic
Pf3D7_04_v3	598508	600088	PF3D7_0413100
Pf3D7_04_v3	602272	602684	intergenic
Pf3D7_04_v3	603058	604411	intergenic
Pf3D7_04_v3	604759	605458	intergenic
Pf3D7_04_v3	605796	606143	intergenic
Pf3D7_04_v3	606280	606738	intergenic
Pf3D7_04_v3	607439	607908	intergenic
Pf3D7_04_v3	609026	610462	PF3D7_0413300
Pf3D7_04_v3	612263	613494	PF3D7_0413400
Pf3D7_04_v3	934940	936472	intergenic
Pf3D7_04_v3	936706	937162	intergenic
Pf3D7_04_v3	937368	939263	intergenic
Pf3D7_04_v3	950804	951147	intergenic
Pf3D7_04_v3	962712	965784	PF3D7_0421100
Pf3D7_04_v3	966505	966787	PF3D7_0421200
Pf3D7_04_v3	967225	968318	PF3D7_0421200
Pf3D7_04_v3	968845	970627	intergenic
Pf3D7_04_v3	971091	977076	PF3D7_0421300
Pf3D7_04_v3	978608	979293	PF3D7_0421400
Pf3D7_04_v3	979885	980149	PF3D7_0421400
Pf3D7_04_v3	981800	983051	PF3D7_0421500
Pf3D7_04_v3	983399	983773	intergenic
Pf3D7_04_v3	984304	984589	intergenic
Pf3D7_04_v3	984818	985142	PF3D7_0421600
Pf3D7_04_v3	986183	987624	PF3D7_0421600
Pf3D7_04_v3	988088	992830	intergenic
Pf3D7_04_v3	1121156	1122000	intergenic
Pf3D7_04_v3	1124133	1124996	PF3D7_0424800
Pf3D7_04_v3	1128106	1128818	PF3D7_0424900
Pf3D7_04_v3	1129236	1131167	PF3D7_0425000
Pf3D7_04_v3	1133002	1133518	intergenic
Pf3D7_04_v3	1134382	1134952	intergenic
Pf3D7_04_v3	1136625	1137398	PF3D7_0425200
Pf3D7_04_v3	1137994	1138644	PF3D7_0425250
Pf3D7_04_v3	1139910	1140136	intergenic
Pf3D7_04_v3	1141195	1142380	PF3D7_0425300
Pf3D7_04_v3	1144258	1144993	PF3D7_0425400
Pf3D7_04_v3	1145706	1146064	intergenic
Pf3D7_04_v3	1146567	1147568	intergenic
Pf3D7_04_v3	1149332	1149638	PF3D7_0425600
Pf3D7_04_v3	1150075	1150294	intergenic
Pf3D7_04_v3	1152356	1153646	PF3D7_0425700
Pf3D7_04_v3	1156096	1158821	PF3D7_0425800
Pf3D7_04_v3	1158979	1161182	intergenic
Pf3D7_04_v3	1161344	1163319	intergenic
Pf3D7_04_v3	1163470	1163912	intergenic
Pf3D7_04_v3	1169436	1169670	PF3D7_0425900
Pf3D7_04_v3	1170335	1170565	PF3D7_0425900
Pf3D7_04_v3	1173032	1173306	intergenic
Pf3D7_04_v3	1173445	1174591	intergenic
Pf3D7_04_v3	1175068	1180482	PF3D7_0426000
Pf3D7_04_v3	1180681	1182062	intergenic
Pf3D7_04_v3	1182259	1200165	intergenic
Pf3D7_05_v3	23899	25502	intergenic
Pf3D7_05_v3	25651	25905	intergenic
Pf3D7_05_v3	27749	27952	intergenic
Pf3D7_05_v3	30531	31140	PF3D7_0500300
Pf3D7_05_v3	31308	31910	intergenic
Pf3D7_05_v3	32916	34360	intergenic
Pf3D7_05_v3	34801	35002	intergenic
Pf3D7_05_v3	36176	37383	intergenic
Pf3D7_05_v3	37573	38151	intergenic
Pf3D7_05_v3	38888	40796	PF3D7_0500600
Pf3D7_05_v3	40898	41580	PF3D7_0500700
Pf3D7_05_v3	1322342	1323795	PF3D7_0532700
Pf3D7_05_v3	1324152	1325114	PF3D7_0532800
Pf3D7_05_v3	1325677	1327531	PF3D7_0532900
Pf3D7_05_v3	1328122	1328326	intergenic
Pf3D7_05_v3	1328559	1328785	PF3D7_0533000
Pf3D7_05_v3	1329035	1329644	PF3D7_0533000
Pf3D7_05_v3	1329845	1330853	PF3D7_0533000
Pf3D7_05_v3	1333144	1336724	PF3D7_0533100
Pf3D7_05_v3	1336937	1337498	intergenic
Pf3D7_05_v3	1337647	1338248	intergenic
Pf3D7_05_v3	1338355	1339176	intergenic
Pf3D7_05_v3	1339300	1340003	intergenic
Pf3D7_05_v3	1340220	1343291	intergenic
Pf3D7_06_v3	666	1835	PF3D7_0600100
Pf3D7_06_v3	2768	2981	PF3D7_0600200
Pf3D7_06_v3	3349	5767	PF3D7_0600200
Pf3D7_06_v3	5874	8872	intergenic
Pf3D7_06_v3	15869	16214	intergenic
Pf3D7_06_v3	17799	18193	intergenic
Pf3D7_06_v3	18747	19801	intergenic
Pf3D7_06_v3	20292	20534	intergenic
Pf3D7_06_v3	21047	21717	intergenic
Pf3D7_06_v3	21907	23001	PF3D7_0600400
Pf3D7_06_v3	23342	23646	intergenic
Pf3D7_06_v3	24091	24988	intergenic
Pf3D7_06_v3	26464	26684	PF3D7_0600500
Pf3D7_06_v3	26848	27978	PF3D7_0600500
Pf3D7_06_v3	29471	31098	intergenic
Pf3D7_06_v3	31324	31524	PF3D7_0600600
Pf3D7_06_v3	31809	33011	intergenic
Pf3D7_06_v3	35320	36367	intergenic
Pf3D7_06_v3	36641	37209	intergenic
Pf3D7_06_v3	38654	39805	PF3D7_0600900
Pf3D7_06_v3	51419	52088	PF3D7_0601400
Pf3D7_06_v3	52548	52969	intergenic
Pf3D7_06_v3	53703	54531	intergenic
Pf3D7_06_v3	54774	56436	intergenic
Pf3D7_06_v3	56716	56956	intergenic
Pf3D7_06_v3	57082	57501	intergenic
Pf3D7_06_v3	57812	58085	intergenic
Pf3D7_06_v3	62746	62953	intergenic
Pf3D7_06_v3	64034	64266	intergenic
Pf3D7_06_v3	723272	723494	intergenic
Pf3D7_06_v3	723648	723928	intergenic
Pf3D7_06_v3	725678	726106	intergenic
Pf3D7_06_v3	726218	727918	intergenic
Pf3D7_06_v3	728035	728541	intergenic
Pf3D7_06_v3	728665	731564	PF3D7_0617400
Pf3D7_06_v3	734205	736190	PF3D7_0617500
Pf3D7_06_v3	738260	739228	intergenic
Pf3D7_06_v3	739636	740692	intergenic
Pf3D7_06_v3	741262	742477	PF3D7_0617700
Pf3D7_06_v3	743805	744021	intergenic
Pf3D7_06_v3	744292	744827	intergenic
Pf3D7_06_v3	745028	745307	intergenic
Pf3D7_06_v3	1305767	1305987	intergenic
Pf3D7_06_v3	1306230	1306819	intergenic
Pf3D7_06_v3	1307670	1308220	intergenic
Pf3D7_06_v3	1308468	1309158	intergenic
Pf3D7_06_v3	1309392	1309626	intergenic
Pf3D7_06_v3	1309753	1309983	intergenic
Pf3D7_06_v3	1310912	1311394	intergenic
Pf3D7_06_v3	1312106	1312598	intergenic
Pf3D7_06_v3	1312707	1313172	intergenic
Pf3D7_06_v3	1313464	1315067	intergenic
Pf3D7_06_v3	1318368	1318995	intergenic
Pf3D7_06_v3	1321586	1321840	intergenic
Pf3D7_06_v3	1328778	1328994	PF3D7_0631800
Pf3D7_06_v3	1329974	1331115	PF3D7_0631800
Pf3D7_06_v3	1332150	1332397	PF3D7_0631900
Pf3D7_06_v3	1332510	1332759	PF3D7_0631900
Pf3D7_06_v3	1332881	1334159	PF3D7_0631900
Pf3D7_06_v3	1334287	1334549	intergenic
Pf3D7_06_v3	1334712	1335094	intergenic
Pf3D7_06_v3	1335446	1335821	PF3D7_0632000
Pf3D7_06_v3	1336069	1337614	PF3D7_0632000
Pf3D7_06_v3	1338149	1338588	intergenic
Pf3D7_06_v3	1338861	1339214	intergenic
Pf3D7_06_v3	1339723	1340220	intergenic
Pf3D7_06_v3	1340368	1342550	intergenic
Pf3D7_06_v3	1343825	1344061	intergenic
Pf3D7_06_v3	1344979	1345697	intergenic
Pf3D7_06_v3	1346845	1347143	PF3D7_0632300
Pf3D7_06_v3	1374891	1375858	intergenic
Pf3D7_06_v3	1377242	1377522	intergenic
Pf3D7_06_v3	1377932	1382856	PF3D7_0632800
Pf3D7_06_v3	1383181	1384532	intergenic
Pf3D7_06_v3	1384737	1401202	intergenic
Pf3D7_06_v3	1401365	1401764	intergenic
Pf3D7_06_v3	1401930	1411570	intergenic
Pf3D7_06_v3	1411691	1411983	intergenic
Pf3D7_06_v3	1413748	1414242	intergenic
Pf3D7_06_v3	1414944	1415174	intergenic
Pf3D7_06_v3	1416179	1416559	intergenic
Pf3D7_07_v3	1826	4703	intergenic
Pf3D7_07_v3	4840	6716	intergenic
Pf3D7_07_v3	7023	7275	intergenic
Pf3D7_07_v3	7428	18082	intergenic
Pf3D7_07_v3	18260	19362	PF3D7_0700100
Pf3D7_07_v3	20096	21137	PF3D7_0700100
Pf3D7_07_v3	21370	23349	intergenic
Pf3D7_07_v3	23526	24303	intergenic
Pf3D7_07_v3	30422	30650	PF3D7_0700200
Pf3D7_07_v3	34160	35752	PF3D7_0700300
Pf3D7_07_v3	35983	36518	intergenic
Pf3D7_07_v3	36742	38105	PF3D7_0700400
Pf3D7_07_v3	38239	38895	intergenic
Pf3D7_07_v3	39300	39885	intergenic
Pf3D7_07_v3	40076	42089	PF3D7_0700500
Pf3D7_07_v3	42299	43188	intergenic
Pf3D7_07_v3	43554	44105	intergenic
Pf3D7_07_v3	50059	50787	intergenic
Pf3D7_07_v3	53474	53755	intergenic
Pf3D7_07_v3	55428	56571	intergenic
Pf3D7_07_v3	59079	60151	intergenic
Pf3D7_07_v3	61158	61605	intergenic
Pf3D7_07_v3	71169	71911	PF3D7_0701600
Pf3D7_07_v3	72377	72654	intergenic
Pf3D7_07_v3	73770	74043	intergenic
Pf3D7_07_v3	74164	75016	intergenic
Pf3D7_07_v3	75893	76910	intergenic
Pf3D7_07_v3	78487	78721	intergenic
Pf3D7_07_v3	79830	82670	intergenic
Pf3D7_07_v3	82839	83145	PF3D7_0701900
Pf3D7_07_v3	508345	508705	PF3D7_0711600
Pf3D7_07_v3	508898	509428	intergenic
Pf3D7_07_v3	509561	509832	intergenic
Pf3D7_07_v3	509981	510634	intergenic
Pf3D7_07_v3	511519	513569	intergenic
Pf3D7_07_v3	513974	520036	PF3D7_0711700
Pf3D7_07_v3	520233	520647	intergenic
Pf3D7_07_v3	520909	522796	PF3D7_0711800
Pf3D7_07_v3	523035	524729	PF3D7_0711800
Pf3D7_07_v3	525319	526113	intergenic
Pf3D7_07_v3	526411	526848	intergenic
Pf3D7_07_v3	527149	529092	intergenic
Pf3D7_07_v3	529504	532623	intergenic
Pf3D7_07_v3	532756	533500	intergenic
Pf3D7_07_v3	533739	534758	intergenic
Pf3D7_07_v3	535070	535320	PF3D7_0712000
Pf3D7_07_v3	536994	537922	PF3D7_0712100
Pf3D7_07_v3	538560	539645	PF3D7_0712100
Pf3D7_07_v3	540248	541264	intergenic
Pf3D7_07_v3	541643	542087	intergenic
Pf3D7_07_v3	542364	542575	intergenic
Pf3D7_07_v3	542850	544528	intergenic
Pf3D7_07_v3	545015	547471	intergenic
Pf3D7_07_v3	547804	549148	intergenic
Pf3D7_07_v3	549319	550794	PF3D7_0712300
Pf3D7_07_v3	551420	551638	intergenic
Pf3D7_07_v3	552175	553541	intergenic
Pf3D7_07_v3	553994	556889	intergenic
Pf3D7_07_v3	556993	559335	PF3D7_0712400
Pf3D7_07_v3	561548	561882	intergenic
Pf3D7_07_v3	562110	562591	intergenic
Pf3D7_07_v3	562926	564106	intergenic
Pf3D7_07_v3	564381	565068	intergenic
Pf3D7_07_v3	566670	568270	intergenic
Pf3D7_07_v3	568706	571607	intergenic
Pf3D7_07_v3	571731	572571	intergenic
Pf3D7_07_v3	572959	573469	intergenic
Pf3D7_07_v3	573603	574512	PF3D7_0712600
Pf3D7_07_v3	576352	577226	PF3D7_0712700
Pf3D7_07_v3	577910	578174	PF3D7_0712700
Pf3D7_07_v3	579089	579318	intergenic
Pf3D7_07_v3	580769	582994	intergenic
Pf3D7_07_v3	583336	589192	PF3D7_0712800
Pf3D7_07_v3	590306	591615	intergenic
Pf3D7_07_v3	592238	598117	PF3D7_0712900
Pf3D7_07_v3	599673	600008	intergenic
Pf3D7_07_v3	601177	601826	PF3D7_0713000
Pf3D7_07_v3	601951	602317	PF3D7_0713000
Pf3D7_07_v3	602424	603436	PF3D7_0713000
Pf3D7_07_v3	605756	606256	PF3D7_0713100
Pf3D7_07_v3	1266850	1280235	intergenic
Pf3D7_07_v3	1379542	1380899	intergenic
Pf3D7_07_v3	1381191	1381578	PF3D7_0731900
Pf3D7_07_v3	1381829	1383604	PF3D7_0731900
Pf3D7_07_v3	1384581	1385254	PF3D7_0732000
Pf3D7_07_v3	1385571	1386734	PF3D7_0732000
Pf3D7_07_v3	1387856	1388124	PF3D7_0732100
Pf3D7_07_v3	1388642	1389344	intergenic
Pf3D7_07_v3	1391004	1392321	PF3D7_0732200
Pf3D7_07_v3	1392572	1392959	intergenic
Pf3D7_07_v3	1393637	1394184	intergenic
Pf3D7_07_v3	1396422	1398311	PF3D7_0732300
Pf3D7_07_v3	1398805	1399072	intergenic
Pf3D7_07_v3	1399358	1400524	intergenic
Pf3D7_07_v3	1401128	1401419	intergenic
Pf3D7_07_v3	1401867	1402301	intergenic
Pf3D7_07_v3	1402594	1403950	intergenic
Pf3D7_07_v3	1404287	1405034	intergenic
Pf3D7_07_v3	1405527	1405909	PF3D7_0732600
Pf3D7_07_v3	1408480	1410618	PF3D7_0732800
Pf3D7_07_v3	1408480	1410618	PF3D7_0732700
Pf3D7_07_v3	1414572	1415261	PF3D7_0732900
Pf3D7_07_v3	1417520	1418764	intergenic
Pf3D7_07_v3	1420983	1423132	intergenic
Pf3D7_07_v3	1423677	1426496	PF3D7_0733000
Pf3D7_07_v3	1427113	1428033	intergenic
Pf3D7_07_v3	1428164	1432315	intergenic
Pf3D7_07_v3	1434168	1438356	intergenic
Pf3D7_07_v3	1438609	1438868	intergenic
Pf3D7_07_v3	1439956	1444404	intergenic
Pf3D7_07_v3	1444518	1444777	intergenic
Pf3D7_08_v3	6	19295	intergenic
Pf3D7_08_v3	19443	20669	PF3D7_0800100
Pf3D7_08_v3	21241	25856	PF3D7_0800100
Pf3D7_08_v3	26205	26474	intergenic
Pf3D7_08_v3	27324	28426	intergenic
Pf3D7_08_v3	29158	29466	intergenic
Pf3D7_08_v3	29788	30229	intergenic
Pf3D7_08_v3	30434	30837	intergenic
Pf3D7_08_v3	33087	36559	intergenic
Pf3D7_08_v3	36683	39253	PF3D7_0800200
Pf3D7_08_v3	39821	40087	PF3D7_0800300
Pf3D7_08_v3	40679	45469	PF3D7_0800300
Pf3D7_08_v3	45685	46002	intergenic
Pf3D7_08_v3	46193	48723	intergenic
Pf3D7_08_v3	49227	51055	intergenic
Pf3D7_08_v3	52684	53779	intergenic
Pf3D7_08_v3	55294	55809	intergenic
Pf3D7_08_v3	56151	57504	intergenic
Pf3D7_08_v3	57644	57862	PF3D7_0800500
Pf3D7_08_v3	58743	58979	intergenic
Pf3D7_08_v3	59506	59766	intergenic
Pf3D7_08_v3	60783	61445	intergenic
Pf3D7_08_v3	66620	66943	intergenic
Pf3D7_08_v3	67227	67700	intergenic
Pf3D7_08_v3	68036	68592	intergenic
Pf3D7_08_v3	68741	71131	intergenic
Pf3D7_08_v3	71541	71785	PF3D7_0800700
Pf3D7_08_v3	427066	427769	PF3D7_0808500
Pf3D7_08_v3	429005	429235	intergenic
Pf3D7_08_v3	431360	435953	PF3D7_0808600
Pf3D7_08_v3	436158	436874	intergenic
Pf3D7_08_v3	437285	439100	intergenic
Pf3D7_08_v3	440244	442967	PF3D7_0808700
Pf3D7_08_v3	443135	446010	intergenic
Pf3D7_08_v3	446462	448104	intergenic
Pf3D7_08_v3	449855	450235	PF3D7_0808800
Pf3D7_08_v3	450606	451970	PF3D7_0808800
Pf3D7_08_v3	452297	452712	intergenic
Pf3D7_08_v3	452873	455040	PF3D7_0808900
Pf3D7_08_v3	455461	455691	intergenic
Pf3D7_08_v3	457621	457914	intergenic
Pf3D7_08_v3	458705	458966	PF3D7_0809100
Pf3D7_08_v3	459179	464161	PF3D7_0809100
Pf3D7_08_v3	465215	466548	intergenic
Pf3D7_08_v3	637995	641492	PF3D7_0812900
Pf3D7_08_v3	641685	642260	intergenic
Pf3D7_08_v3	1329877	1330132	intergenic
Pf3D7_08_v3	1397064	1397967	PF3D7_0832300
Pf3D7_08_v3	1398799	1400629	PF3D7_0832400
Pf3D7_08_v3	1401321	1401708	intergenic
Pf3D7_08_v3	1401920	1402264	intergenic
Pf3D7_08_v3	1402573	1403502	intergenic
Pf3D7_08_v3	1403636	1403850	PF3D7_0832500
Pf3D7_08_v3	1403997	1404396	intergenic
Pf3D7_08_v3	1404529	1405233	intergenic
Pf3D7_08_v3	1405396	1406748	intergenic
Pf3D7_08_v3	1408381	1409855	PF3D7_0832700
Pf3D7_08_v3	1410306	1412140	PF3D7_0832800
Pf3D7_08_v3	1414209	1415558	PF3D7_0832900
Pf3D7_08_v3	1416858	1417067	PF3D7_0833000
Pf3D7_08_v3	1417508	1418776	PF3D7_0833000
Pf3D7_08_v3	1420683	1422195	PF3D7_0833100
Pf3D7_08_v3	1422339	1422741	intergenic
Pf3D7_08_v3	1423805	1424029	intergenic
Pf3D7_08_v3	1424370	1424631	intergenic
Pf3D7_08_v3	1424739	1425614	intergenic
Pf3D7_08_v3	1426704	1427327	PF3D7_0833200
Pf3D7_08_v3	1427442	1428260	intergenic
Pf3D7_08_v3	1429107	1430554	PF3D7_0833300
Pf3D7_08_v3	1432689	1433138	PF3D7_0833400
Pf3D7_08_v3	1439797	1440499	intergenic
Pf3D7_08_v3	1440684	1441510	intergenic
Pf3D7_08_v3	1441677	1443726	PF3D7_0833500
Pf3D7_08_v3	1444158	1445369	intergenic
Pf3D7_08_v3	1445537	1463575	intergenic
Pf3D7_08_v3	1463749	1464064	intergenic
Pf3D7_08_v3	1465309	1468422	intergenic
Pf3D7_08_v3	1468576	1469125	intergenic
Pf3D7_08_v3	1469250	1472447	intergenic
Pf3D7_09_v3	367	6396	intergenic
Pf3D7_09_v3	6504	6939	intergenic
Pf3D7_09_v3	7362	17954	intergenic
Pf3D7_09_v3	18203	18824	intergenic
Pf3D7_09_v3	19852	20762	PF3D7_0900100
Pf3D7_09_v3	20961	21679	intergenic
Pf3D7_09_v3	21956	22579	intergenic
Pf3D7_09_v3	22752	25672	intergenic
Pf3D7_09_v3	26570	27916	intergenic
Pf3D7_09_v3	29723	30932	intergenic
Pf3D7_09_v3	31537	31764	intergenic
Pf3D7_09_v3	33490	35185	PF3D7_0900300
Pf3D7_09_v3	36028	36734	intergenic
Pf3D7_09_v3	36907	37663	intergenic
Pf3D7_09_v3	39830	40904	PF3D7_0900400
Pf3D7_09_v3	42292	42563	intergenic
Pf3D7_09_v3	42918	43164	intergenic
Pf3D7_09_v3	43434	44534	PF3D7_0900500
Pf3D7_09_v3	45800	47312	PF3D7_0900600
Pf3D7_09_v3	48224	49030	intergenic
Pf3D7_09_v3	49462	50762	intergenic
Pf3D7_09_v3	52570	53512	intergenic
Pf3D7_09_v3	55054	55831	intergenic
Pf3D7_09_v3	56160	56586	intergenic
Pf3D7_09_v3	57903	59058	intergenic
Pf3D7_09_v3	59214	59444	PF3D7_0901000
Pf3D7_09_v3	59590	59957	intergenic
Pf3D7_09_v3	61260	61503	intergenic
Pf3D7_09_v3	61712	62245	intergenic
Pf3D7_09_v3	62622	62865	intergenic
Pf3D7_09_v3	63836	65001	PF3D7_0901200
Pf3D7_09_v3	65326	65593	intergenic
Pf3D7_09_v3	65873	66105	intergenic
Pf3D7_09_v3	66549	66956	PF3D7_0901300
Pf3D7_09_v3	67620	68662	PF3D7_0901300
Pf3D7_09_v3	68922	69511	intergenic
Pf3D7_09_v3	69967	70196	PF3D7_0901400
Pf3D7_09_v3	70350	72077	PF3D7_0901400
Pf3D7_09_v3	74348	75747	PF3D7_0901500
Pf3D7_09_v3	76137	76484	intergenic
Pf3D7_09_v3	77737	78670	PF3D7_0901600
Pf3D7_09_v3	79708	79921	intergenic
Pf3D7_09_v3	1447491	1447875	intergenic
Pf3D7_09_v3	1452250	1452475	intergenic
Pf3D7_09_v3	1462642	1463667	PF3D7_0936900
Pf3D7_09_v3	1463882	1464420	intergenic
Pf3D7_09_v3	1464708	1465076	PF3D7_0937000
Pf3D7_09_v3	1465289	1465929	PF3D7_0937000
Pf3D7_09_v3	1466047	1467553	PF3D7_0937000
Pf3D7_09_v3	1467875	1468259	intergenic
Pf3D7_09_v3	1468502	1469655	PF3D7_0937100
Pf3D7_09_v3	1471841	1472791	PF3D7_0937200
Pf3D7_09_v3	1474436	1475736	PF3D7_0937300
Pf3D7_09_v3	1476918	1477137	PF3D7_0937400
Pf3D7_09_v3	1477302	1478598	PF3D7_0937400
Pf3D7_09_v3	1479072	1479349	intergenic
Pf3D7_09_v3	1480811	1482141	intergenic
Pf3D7_09_v3	1484075	1484629	intergenic
Pf3D7_09_v3	1485215	1485443	PF3D7_0937600
Pf3D7_09_v3	1485948	1487166	PF3D7_0937600
Pf3D7_09_v3	1487441	1487686	intergenic
Pf3D7_09_v3	1489178	1489935	intergenic
Pf3D7_09_v3	1492304	1493653	PF3D7_0937700
Pf3D7_09_v3	1495688	1496187	intergenic
Pf3D7_09_v3	1496315	1496707	intergenic
Pf3D7_09_v3	1497952	1498405	intergenic
Pf3D7_09_v3	1498566	1500821	intergenic
Pf3D7_09_v3	1500974	1501404	intergenic
Pf3D7_09_v3	1501540	1503587	PF3D7_0937800
Pf3D7_09_v3	1504075	1505231	intergenic
Pf3D7_09_v3	1505432	1532895	intergenic
Pf3D7_09_v3	1533053	1533887	intergenic
Pf3D7_09_v3	1534043	1541233	intergenic
Pf3D7_10_v3	726	25864	intergenic
Pf3D7_10_v3	26140	26364	intergenic
Pf3D7_10_v3	26579	27570	PF3D7_1000100
Pf3D7_10_v3	28261	31041	PF3D7_1000100
Pf3D7_10_v3	31246	31527	intergenic
Pf3D7_10_v3	31674	34173	intergenic
Pf3D7_10_v3	34626	36254	intergenic
Pf3D7_10_v3	37966	39233	intergenic
Pf3D7_10_v3	40837	41101	intergenic
Pf3D7_10_v3	41672	42810	intergenic
Pf3D7_10_v3	43166	43585	intergenic
Pf3D7_10_v3	44769	46040	intergenic
Pf3D7_10_v3	46425	46955	intergenic
Pf3D7_10_v3	47461	47806	intergenic
Pf3D7_10_v3	47958	49177	intergenic
Pf3D7_10_v3	49967	50191	intergenic
Pf3D7_10_v3	51276	52420	intergenic
Pf3D7_10_v3	53009	53264	intergenic
Pf3D7_10_v3	53480	53695	intergenic
Pf3D7_10_v3	54158	54448	intergenic
Pf3D7_10_v3	54564	55541	PF3D7_1000700
Pf3D7_10_v3	58160	59072	PF3D7_1000800
Pf3D7_10_v3	58160	59072	PF3D7_1000900
Pf3D7_10_v3	59216	61431	PF3D7_1000900
Pf3D7_10_v3	66771	66993	intergenic
Pf3D7_10_v3	68060	68319	intergenic
Pf3D7_10_v3	649100	649342	intergenic
Pf3D7_10_v3	1429523	1430591	intergenic
Pf3D7_10_v3	1432490	1434729	PF3D7_1036300
Pf3D7_10_v3	1435264	1435616	PF3D7_1036400
Pf3D7_10_v3	1435802	1436926	PF3D7_1036400
Pf3D7_10_v3	1437676	1438119	intergenic
Pf3D7_10_v3	1578812	1579385	intergenic
Pf3D7_10_v3	1581631	1584938	intergenic
Pf3D7_10_v3	1590456	1590824	PF3D7_1039600
Pf3D7_10_v3	1591541	1592254	intergenic
Pf3D7_10_v3	1596833	1597040	PF3D7_1039900
Pf3D7_10_v3	1599949	1600697	PF3D7_1040000
Pf3D7_10_v3	1602399	1602626	PF3D7_1040100
Pf3D7_10_v3	1608102	1609134	PF3D7_1040300
Pf3D7_10_v3	1609238	1610547	PF3D7_1040300
Pf3D7_10_v3	1610795	1611175	intergenic
Pf3D7_10_v3	1611965	1613947	PF3D7_1040400
Pf3D7_10_v3	1614231	1614501	intergenic
Pf3D7_10_v3	1614635	1618766	PF3D7_1040500
Pf3D7_10_v3	1614635	1618766	PF3D7_1040600
Pf3D7_10_v3	1619240	1620418	PF3D7_1040600
Pf3D7_10_v3	1620709	1621084	intergenic
Pf3D7_10_v3	1621342	1623821	PF3D7_1040700
Pf3D7_10_v3	1624061	1624496	intergenic
Pf3D7_10_v3	1624942	1626855	PF3D7_1040800
Pf3D7_10_v3	1627319	1627638	intergenic
Pf3D7_10_v3	1627878	1628627	PF3D7_1040900
Pf3D7_10_v3	1629079	1630216	PF3D7_1040900
Pf3D7_10_v3	1631277	1631993	PF3D7_1041000
Pf3D7_10_v3	1632192	1633775	PF3D7_1041000
Pf3D7_10_v3	1634958	1635236	PF3D7_1041100
Pf3D7_10_v3	1642486	1642712	intergenic
Pf3D7_10_v3	1642833	1643828	intergenic
Pf3D7_10_v3	1644615	1644966	intergenic
Pf3D7_10_v3	1645128	1645377	intergenic
Pf3D7_10_v3	1645538	1650251	PF3D7_1041300
Pf3D7_10_v3	1650533	1651878	intergenic
Pf3D7_10_v3	1652079	1662181	intergenic
Pf3D7_10_v3	1662351	1666152	intergenic
Pf3D7_10_v3	1666333	1666988	intergenic
Pf3D7_10_v3	1668906	1686980	intergenic
Pf3D7_11_v3	438	7626	intergenic
Pf3D7_11_v3	8023	8669	intergenic
Pf3D7_11_v3	8908	22119	intergenic
Pf3D7_11_v3	22305	23436	PF3D7_1100100
Pf3D7_11_v3	23917	24424	PF3D7_1100100
Pf3D7_11_v3	24635	29171	PF3D7_1100100
Pf3D7_11_v3	29329	29638	intergenic
Pf3D7_11_v3	30275	31539	intergenic
Pf3D7_11_v3	32645	33185	intergenic
Pf3D7_11_v3	33421	33667	intergenic
Pf3D7_11_v3	33782	34044	intergenic
Pf3D7_11_v3	34574	34932	intergenic
Pf3D7_11_v3	35524	37864	intergenic
Pf3D7_11_v3	38013	39748	intergenic
Pf3D7_11_v3	39910	40437	intergenic
Pf3D7_11_v3	40545	42717	PF3D7_1100200
Pf3D7_11_v3	44298	44498	PF3D7_1100300
Pf3D7_11_v3	45180	46287	PF3D7_1100300
Pf3D7_11_v3	46549	46788	intergenic
Pf3D7_11_v3	48324	49443	PF3D7_1100400
Pf3D7_11_v3	59444	60271	PF3D7_1100800
Pf3D7_11_v3	60869	61780	PF3D7_1100900
Pf3D7_11_v3	66659	67735	intergenic
Pf3D7_11_v3	70022	71822	PF3D7_1101200
Pf3D7_11_v3	72433	72885	intergenic
Pf3D7_11_v3	73117	74182	intergenic
Pf3D7_11_v3	74382	75527	PF3D7_1101300
Pf3D7_11_v3	76047	76300	intergenic
Pf3D7_11_v3	76618	77042	intergenic
Pf3D7_11_v3	83839	84070	intergenic
Pf3D7_11_v3	85735	86397	PF3D7_1101700
Pf3D7_11_v3	93470	94106	intergenic
Pf3D7_11_v3	94300	94628	intergenic
Pf3D7_11_v3	94787	96417	intergenic
Pf3D7_11_v3	96581	99718	intergenic
Pf3D7_11_v3	99862	100107	intergenic
Pf3D7_11_v3	101889	102483	intergenic
Pf3D7_11_v3	103424	103668	PF3D7_1102100
Pf3D7_11_v3	104289	104517	PF3D7_1102100
Pf3D7_11_v3	104640	104849	PF3D7_1102100
Pf3D7_11_v3	105492	106252	intergenic
Pf3D7_11_v3	109861	110439	intergenic
Pf3D7_11_v3	1989934	1990141	intergenic
Pf3D7_11_v3	1990290	1990573	intergenic
Pf3D7_11_v3	1990865	1993692	intergenic
Pf3D7_11_v3	1994299	1994600	intergenic
Pf3D7_11_v3	1995625	1995960	intergenic
Pf3D7_11_v3	2003743	2005781	PF3D7_1149700
Pf3D7_11_v3	2003743	2005781	PF3D7_1149800
Pf3D7_11_v3	2005905	2008042	PF3D7_1149800
Pf3D7_11_v3	2008288	2008583	intergenic
Pf3D7_11_v3	2009397	2009774	PF3D7_1149900
Pf3D7_11_v3	2009896	2011183	PF3D7_1149900
Pf3D7_11_v3	2011299	2011531	intergenic
Pf3D7_11_v3	2012148	2012698	PF3D7_1150000
Pf3D7_11_v3	2013037	2014424	PF3D7_1150000
Pf3D7_11_v3	2014895	2015198	intergenic
Pf3D7_11_v3	2015579	2016948	PF3D7_1150100
Pf3D7_11_v3	2017113	2017613	intergenic
Pf3D7_11_v3	2017814	2018367	intergenic
Pf3D7_11_v3	2018685	2019832	intergenic
Pf3D7_11_v3	2020281	2020613	intergenic
Pf3D7_11_v3	2020933	2023029	intergenic
Pf3D7_11_v3	2025440	2028131	PF3D7_1150400
Pf3D7_11_v3	2028261	2030365	intergenic
Pf3D7_11_v3	2030564	2031368	intergenic
Pf3D7_11_v3	2031474	2034102	intergenic
Pf3D7_11_v3	2034499	2035880	intergenic
Pf3D7_11_v3	2036221	2036515	intergenic
Pf3D7_11_v3	2036821	2037279	intergenic
Pf3D7_12_v3	383	6197	intergenic
Pf3D7_12_v3	7382	7667	intergenic
Pf3D7_12_v3	8851	14910	intergenic
Pf3D7_12_v3	15092	16002	PF3D7_1200100
Pf3D7_12_v3	16178	16393	PF3D7_1200100
Pf3D7_12_v3	16742	19399	PF3D7_1200100
Pf3D7_12_v3	19582	21390	intergenic
Pf3D7_12_v3	21510	22010	intergenic
Pf3D7_12_v3	22929	23162	intergenic
Pf3D7_12_v3	23304	24170	intergenic
Pf3D7_12_v3	26415	26668	intergenic
Pf3D7_12_v3	26873	27433	intergenic
Pf3D7_12_v3	30022	31406	PF3D7_1200300
Pf3D7_12_v3	31515	31973	PF3D7_1200400
Pf3D7_12_v3	32485	34075	PF3D7_1200400
Pf3D7_12_v3	34208	34774	intergenic
Pf3D7_12_v3	34920	38808	intergenic
Pf3D7_12_v3	40766	41794	intergenic
Pf3D7_12_v3	43794	44072	intergenic
Pf3D7_12_v3	44362	45132	PF3D7_1200500
Pf3D7_12_v3	45393	45689	intergenic
Pf3D7_12_v3	46509	46991	intergenic
Pf3D7_12_v3	47413	48109	intergenic
Pf3D7_12_v3	50211	51708	intergenic
Pf3D7_12_v3	51884	52433	intergenic
Pf3D7_12_v3	52556	52781	intergenic
Pf3D7_12_v3	53210	56790	intergenic
Pf3D7_12_v3	57468	57785	intergenic
Pf3D7_12_v3	58281	58539	intergenic
Pf3D7_12_v3	61580	63506	intergenic
Pf3D7_12_v3	379145	385659	intergenic
Pf3D7_12_v3	764535	765303	PF3D7_1219200
Pf3D7_12_v3	765613	765814	intergenic
Pf3D7_12_v3	766684	768270	intergenic
Pf3D7_12_v3	768645	771267	intergenic
Pf3D7_12_v3	771370	771785	intergenic
Pf3D7_12_v3	771887	774534	PF3D7_1219300
Pf3D7_12_v3	775127	776633	intergenic
Pf3D7_12_v3	777161	778033	intergenic
Pf3D7_12_v3	778266	780232	PF3D7_1219400
Pf3D7_12_v3	781260	781485	intergenic
Pf3D7_12_v3	782370	782615	intergenic
Pf3D7_12_v3	783427	783661	PF3D7_1219500
Pf3D7_12_v3	783782	784833	PF3D7_1219500
Pf3D7_12_v3	908467	908829	intergenic
Pf3D7_12_v3	909640	909884	intergenic
Pf3D7_12_v3	910128	910826	intergenic
Pf3D7_12_v3	911554	912476	intergenic
Pf3D7_12_v3	1506727	1506975	intergenic
Pf3D7_12_v3	1689984	1690227	intergenic
Pf3D7_12_v3	1690401	1691552	PF3D7_1240200
Pf3D7_12_v3	1691820	1692039	intergenic
Pf3D7_12_v3	1694103	1694703	PF3D7_1240300
Pf3D7_12_v3	1699209	1699502	intergenic
Pf3D7_12_v3	1699636	1700464	intergenic
Pf3D7_12_v3	1700611	1700966	intergenic
Pf3D7_12_v3	1701572	1702895	intergenic
Pf3D7_12_v3	1705181	1705425	intergenic
Pf3D7_12_v3	1705736	1707243	intergenic
Pf3D7_12_v3	1707404	1709215	intergenic
Pf3D7_12_v3	1709834	1710107	intergenic
Pf3D7_12_v3	1710773	1713214	intergenic
Pf3D7_12_v3	1713960	1714385	intergenic
Pf3D7_12_v3	1715040	1715303	intergenic
Pf3D7_12_v3	1716865	1717255	intergenic
Pf3D7_12_v3	1719041	1719276	PF3D7_1240600
Pf3D7_12_v3	1719680	1721454	PF3D7_1240600
Pf3D7_12_v3	1721647	1722508	intergenic
Pf3D7_12_v3	1722835	1725508	intergenic
Pf3D7_12_v3	1725899	1727585	intergenic
Pf3D7_12_v3	1728236	1728723	PF3D7_1240700
Pf3D7_12_v3	1728988	1730056	PF3D7_1240700
Pf3D7_12_v3	1730974	1731384	intergenic
Pf3D7_12_v3	1731796	1732043	PF3D7_1240800
Pf3D7_12_v3	1732508	1732949	intergenic
Pf3D7_12_v3	1733153	1733478	intergenic
Pf3D7_12_v3	1733746	1733964	intergenic
Pf3D7_12_v3	1735083	1736977	PF3D7_1240900
Pf3D7_12_v3	1737188	1738151	intergenic
Pf3D7_12_v3	1738570	1741254	intergenic
Pf3D7_12_v3	1741658	1745512	PF3D7_1241000
Pf3D7_12_v3	2183515	2183740	intergenic
Pf3D7_12_v3	2185552	2185788	intergenic
Pf3D7_12_v3	2186022	2187074	intergenic
Pf3D7_12_v3	2188012	2188569	PF3D7_1253600
Pf3D7_12_v3	2188845	2189292	PF3D7_1253600
Pf3D7_12_v3	2189401	2189809	intergenic
Pf3D7_12_v3	2190534	2191513	intergenic
Pf3D7_12_v3	2192139	2192592	intergenic
Pf3D7_12_v3	2192964	2193242	intergenic
Pf3D7_12_v3	2193830	2194568	intergenic
Pf3D7_12_v3	2195425	2195717	PF3D7_1253800
Pf3D7_12_v3	2196150	2196390	PF3D7_1253800
Pf3D7_12_v3	2199206	2199727	PF3D7_1253900
Pf3D7_12_v3	2201407	2202808	PF3D7_1254000
Pf3D7_12_v3	2203844	2204080	PF3D7_1254100
Pf3D7_12_v3	2204209	2206214	PF3D7_1254100
Pf3D7_12_v3	2207054	2207264	PF3D7_1254200
Pf3D7_12_v3	2208063	2209317	PF3D7_1254200
Pf3D7_12_v3	2209630	2209984	intergenic
Pf3D7_12_v3	2210620	2210840	PF3D7_1254300
Pf3D7_12_v3	2211444	2212285	PF3D7_1254300
Pf3D7_12_v3	2212390	2212723	intergenic
Pf3D7_12_v3	2212876	2213574	intergenic
Pf3D7_12_v3	2214007	2214260	PF3D7_1254400
Pf3D7_12_v3	2214598	2216152	PF3D7_1254400
Pf3D7_12_v3	2216493	2216945	intergenic
Pf3D7_12_v3	2217852	2219640	PF3D7_1254500
Pf3D7_12_v3	2221938	2222560	PF3D7_1254600
Pf3D7_12_v3	2222693	2223574	intergenic
Pf3D7_12_v3	2224870	2227080	PF3D7_1254700
Pf3D7_12_v3	2227466	2227678	intergenic
Pf3D7_12_v3	2228442	2229637	intergenic
Pf3D7_12_v3	2230051	2230363	intergenic
Pf3D7_12_v3	2231404	2231819	PF3D7_1254900
Pf3D7_12_v3	2232030	2232302	PF3D7_1254900
Pf3D7_12_v3	2233829	2234317	PF3D7_1255000
Pf3D7_12_v3	2234632	2235912	PF3D7_1255000
Pf3D7_12_v3	2238078	2238997	PF3D7_1255100
Pf3D7_12_v3	2244656	2246374	intergenic
Pf3D7_12_v3	2246561	2249198	PF3D7_1255200
Pf3D7_12_v3	2249807	2250755	intergenic
Pf3D7_12_v3	2251006	2271493	intergenic
Pf3D7_13_v3	23973	26591	intergenic
Pf3D7_13_v3	27466	28779	intergenic
Pf3D7_13_v3	30494	31957	PF3D7_1300200
Pf3D7_13_v3	32761	33059	intergenic
Pf3D7_13_v3	33246	35321	intergenic
Pf3D7_13_v3	35745	38020	intergenic
Pf3D7_13_v3	38229	38665	intergenic
Pf3D7_13_v3	39024	39431	intergenic
Pf3D7_13_v3	39556	43078	intergenic
Pf3D7_13_v3	43218	43454	intergenic
Pf3D7_13_v3	43577	44505	intergenic
Pf3D7_13_v3	44624	44988	PF3D7_1300300
Pf3D7_13_v3	47859	49796	PF3D7_1300400
Pf3D7_13_v3	47859	49796	PF3D7_1300500
Pf3D7_13_v3	49918	51993	PF3D7_1300500
Pf3D7_13_v3	53462	53719	intergenic
Pf3D7_13_v3	53965	54897	intergenic
Pf3D7_13_v3	57711	58529	PF3D7_1300700
Pf3D7_13_v3	58782	59027	intergenic
Pf3D7_13_v3	60050	60599	intergenic
Pf3D7_13_v3	60992	61305	PF3D7_1300800
Pf3D7_13_v3	62486	64132	PF3D7_1300900
Pf3D7_13_v3	65488	65796	intergenic
Pf3D7_13_v3	66006	66515	intergenic
Pf3D7_13_v3	71047	71415	intergenic
Pf3D7_13_v3	73040	74414	PF3D7_1301200
Pf3D7_13_v3	76691	77271	intergenic
Pf3D7_13_v3	77457	78019	intergenic
Pf3D7_13_v3	78443	79616	PF3D7_1301300
Pf3D7_13_v3	2833872	2834220	intergenic
Pf3D7_13_v3	2834353	2834740	intergenic
Pf3D7_13_v3	2835615	2835884	intergenic
Pf3D7_13_v3	2836930	2837145	PF3D7_1372100
Pf3D7_13_v3	2837290	2838948	PF3D7_1372100
Pf3D7_13_v3	2840640	2841397	intergenic
Pf3D7_13_v3	2859423	2861707	PF3D7_1372700
Pf3D7_13_v3	2862031	2862545	intergenic
Pf3D7_13_v3	2862855	2863496	PF3D7_1372800
Pf3D7_13_v3	2863681	2864988	PF3D7_1372800
Pf3D7_13_v3	2863681	2864988	PF3D7_1372900
Pf3D7_13_v3	2866275	2866516	PF3D7_1372900
Pf3D7_13_v3	2866760	2867000	intergenic
Pf3D7_13_v3	2869134	2870260	PF3D7_1373000
Pf3D7_13_v3	2870647	2873202	PF3D7_1373100
Pf3D7_13_v3	2874736	2875297	PF3D7_1373200
Pf3D7_13_v3	2876120	2876737	PF3D7_1373200
Pf3D7_13_v3	2877325	2877798	PF3D7_1373300
Pf3D7_13_v3	2881974	2882492	PF3D7_1373400
Pf3D7_13_v3	2882698	2883095	intergenic
Pf3D7_13_v3	2885316	2885791	intergenic
Pf3D7_13_v3	2886927	2887941	intergenic
Pf3D7_13_v3	2894639	2912355	intergenic
Pf3D7_13_v3	2914106	2914358	intergenic
Pf3D7_13_v3	2914813	2922867	intergenic
Pf3D7_14_v3	1272	3276	PF3D7_1400100
Pf3D7_14_v3	3750	4094	intergenic
Pf3D7_14_v3	4244	5375	intergenic
Pf3D7_14_v3	7069	8595	PF3D7_1400200
Pf3D7_14_v3	10831	12243	PF3D7_1400300
Pf3D7_14_v3	12536	12739	intergenic
Pf3D7_14_v3	13201	13405	intergenic
Pf3D7_14_v3	13550	13751	intergenic
Pf3D7_14_v3	13933	15890	PF3D7_1400400
Pf3D7_14_v3	16077	16298	intergenic
Pf3D7_14_v3	17375	18485	intergenic
Pf3D7_14_v3	18643	18867	PF3D7_1400500
Pf3D7_14_v3	18969	19834	intergenic
Pf3D7_14_v3	20695	21983	intergenic
Pf3D7_14_v3	22566	23151	intergenic
Pf3D7_14_v3	23269	23995	intergenic
Pf3D7_14_v3	24157	25400	PF3D7_1400700
Pf3D7_14_v3	25621	25849	intergenic
Pf3D7_14_v3	26485	26766	intergenic
Pf3D7_14_v3	27253	29214	PF3D7_1400800
Pf3D7_14_v3	29448	29676	intergenic
Pf3D7_14_v3	29798	30471	intergenic
Pf3D7_14_v3	32738	33049	intergenic
Pf3D7_14_v3	34638	35861	PF3D7_1401000
Pf3D7_14_v3	36954	37164	intergenic
Pf3D7_14_v3	37270	37518	intergenic
Pf3D7_14_v3	38719	40465	PF3D7_1401050
Pf3D7_14_v3	41311	42136	intergenic
Pf3D7_14_v3	610744	610950	intergenic
Pf3D7_14_v3	3147789	3148651	PF3D7_1476500
Pf3D7_14_v3	3149557	3149875	intergenic
Pf3D7_14_v3	3151966	3154703	PF3D7_1476600
Pf3D7_14_v3	3168603	3170530	PF3D7_1477000
Pf3D7_14_v3	3171018	3171699	intergenic
Pf3D7_14_v3	3172961	3173569	intergenic
Pf3D7_14_v3	3175875	3176506	PF3D7_1477200
Pf3D7_14_v3	3179478	3180808	PF3D7_1477300
Pf3D7_14_v3	3181261	3181706	intergenic
Pf3D7_14_v3	3183219	3184545	PF3D7_1477400
Pf3D7_14_v3	3194346	3195511	intergenic
Pf3D7_14_v3	3195712	3197174	intergenic
Pf3D7_14_v3	3198136	3199478	intergenic
Pf3D7_14_v3	3202332	3202584	PF3D7_1477700
Pf3D7_14_v3	3210660	3211557	intergenic
Pf3D7_14_v3	3214006	3214652	PF3D7_1478000
Pf3D7_14_v3	3216402	3216656	intergenic
Pf3D7_14_v3	3216772	3217006	intergenic
Pf3D7_14_v3	3219912	3220893	PF3D7_1478200
Pf3D7_14_v3	3219912	3220893	PF3D7_1478300
Pf3D7_14_v3	3221063	3221568	PF3D7_1478300
Pf3D7_14_v3	3223387	3223865	intergenic
Pf3D7_14_v3	3224077	3224535	intergenic
Pf3D7_14_v3	3226504	3227259	intergenic
Pf3D7_14_v3	3227784	3228236	PF3D7_1478500
Pf3D7_14_v3	3228585	3229586	PF3D7_1478500
Pf3D7_14_v3	3234529	3234780	intergenic
Pf3D7_14_v3	3235888	3236123	intergenic
Pf3D7_14_v3	3236263	3236630	intergenic
Pf3D7_14_v3	3236828	3237676	intergenic
Pf3D7_14_v3	3238215	3240673	PF3D7_1478700
Pf3D7_14_v3	3242018	3242450	intergenic
Pf3D7_14_v3	3242894	3243174	intergenic
Pf3D7_14_v3	3247882	3251046	intergenic
Pf3D7_14_v3	3251496	3252259	intergenic
Pf3D7_14_v3	3254044	3256003	PF3D7_1479000
Pf3D7_14_v3	3257179	3257417	intergenic
Pf3D7_14_v3	3259239	3259477	intergenic
Pf3D7_14_v3	3259996	3260225	PF3D7_1479200
Pf3D7_14_v3	3260659	3261040	PF3D7_1479200
Pf3D7_14_v3	3264784	3265002	intergenic
Pf3D7_14_v3	3265316	3265577	PF3D7_1479400
Pf3D7_14_v3	3265855	3267509	PF3D7_1479400
Pf3D7_14_v3	3269581	3270959	PF3D7_1479500
Pf3D7_14_v3	3271096	3271317	intergenic
Pf3D7_14_v3	3271952	3273976	PF3D7_1479600
Pf3D7_14_v3	3274703	3274946	intergenic
Pf3D7_14_v3	3276199	3276415	PF3D7_1479700
Pf3D7_14_v3	3276554	3277577	PF3D7_1479700
Pf3D7_14_v3	3278872	3280850	PF3D7_1479800
Pf3D7_14_v3	3281166	3281380	intergenic
Pf3D7_14_v3	3282210	3282420	PF3D7_1479900
Pf3D7_14_v3	3282732	3284035	PF3D7_1479900
Pf3D7_14_v3	3285336	3285546	PF3D7_1480000
Pf3D7_14_v3	3286086	3286373	PF3D7_1480000
